strikePrice,expiryDate,underlying,identifier,openInterest,changeinOpenInterest,pchangeinOpenInterest,totalTradedVolume,impliedVolatility,lastPrice,change,totalBuyQuantity,totalSellQuantity,buyPrice1,buyQuantity1,sellPrice1,sellQuantity1,underlyingValue,optionType,pchange,type,expiry
19000,30-03-2026,NIFTY,OPTIDXNIFTY30-03-2026CE19000.00,2559.4615384615386,-73.46153846153847,-2.7901133574851,327,61.98,4091.0,-684.0,4095,5850,4098.2,65,4130.25,65,23002.15,,-14.324607329842932,CE,30-Mar-2026
19000,30-03-2026,NIFTY,OPTIDXNIFTY30-03-2026PE19000.00,84493.69230769231,539.5384615384615,0.6426584472844153,71474,48.03,5.85,3.25,253240,206440,5.8,260,5.85,4095,23002.15,,125.0,PE,30-Mar-2026
20000,30-03-2026,NIFTY,OPTIDXNIFTY30-03-2026CE20000.00,1347.6153846153845,33.0,2.5102399063779988,144,57.32,3134.45,-633.25,6110,6240,3110.25,130,3138.9,65,23002.15,,-16.807336040555246,CE,30-Mar-2026
20000,30-03-2026,NIFTY,OPTIDXNIFTY30-03-2026PE20000.00,75795.30769230769,-1965.923076923077,-2.528153242272202,78356,42.88,16.75,8.05,242190,140270,16.55,650,16.9,195,23002.15,,92.52873563218391,PE,30-Mar-2026
0,,,,0.0,0.0,0.0,0,0.0,0.0,0.0,0,0,0.0,0,0.0,0,0.0,,0.0,CE,30-Mar-2026
20850,30-03-2026,NIFTY,OPTIDXNIFTY30-03-2026PE20850.00,1515.0,1515.0,0.0,3518,35.99,30.25,30.1,55900,780,29.15,130,30.45,715,23002.15,,20066.666666666668,PE,30-Mar-2026
0,,,,0.0,0.0,0.0,0,0.0,0.0,0.0,0,0,0.0,0,0.0,0,0.0,,0.0,CE,30-Mar-2026
20900,30-03-2026,NIFTY,OPTIDXNIFTY30-03-2026PE20900.00,3.0,3.0,0.0,4,32.56,20.05,19.85,67405,0,20.05,22035,0.0,0,23002.15,,9925.0,PE,30-Mar-2026
20950,30-03-2026,NIFTY,OPTIDXNIFTY30-03-2026CE20950.00,3.0,0.0,0.0,0,0.0,2537.65,4.2,5915,4940,1956.65,780,2656.9,780,23002.15,,0.16578183899425683,CE,30-Mar-2026
20950,30-03-2026,NIFTY,OPTIDXNIFTY30-03-2026PE20950.00,5128.0,2088.0,68.6842105263158,13620,35.69,34.9,18.5,39130,5525,32.0,65,34.6,195,23002.15,,112.8048780487805,PE,30-Mar-2026
21000,30-03-2026,NIFTY,OPTIDXNIFTY30-03-2026CE21000.00,5530.153846153846,-303.7692307692308,-5.20694611094263,1858,41.95,2139.35,-649.3,7085,7085,2139.7,130,2165.45,65,23002.15,,-23.283667724526204,CE,30-Mar-2026
21000,30-03-2026,NIFTY,OPTIDXNIFTY30-03-2026PE21000.00,53849.307692307695,-830.5384615384615,-1.518911481941033,95939,35.09,35.35,18.9,164970,55120,35.4,1495,36.7,65,23002.15,,114.8936170212766,PE,30-Mar-2026
21050,30-03-2026,NIFTY,OPTIDXNIFTY30-03-2026CE21050.00,2.0,1.0,100.0,2,42.95,2101.85,-411.7,3445,3380,1628.45,1755,2383.25,1690,23002.15,,-16.37922460265362,CE,30-Mar-2026
21050,30-03-2026,NIFTY,OPTIDXNIFTY30-03-2026PE21050.00,436.0,286.0,190.66666666666666,4706,35.12,38.9,22.1,45500,2990,36.5,65,41.7,1300,23002.15,,131.54761904761904,PE,30-Mar-2026
21100,30-03-2026,NIFTY,OPTIDXNIFTY30-03-2026CE21100.00,2.0,0.0,0.0,0,0.0,2422.45,0.0,4420,5915,1804.3,780,2170.75,780,23002.15,,0.0,CE,30-Mar-2026
21100,30-03-2026,NIFTY,OPTIDXNIFTY30-03-2026PE21100.00,638.0,317.0,98.75389408099689,5437,34.79,40.8,23.4,49465,4095,35.05,195,41.2,650,23002.15,,134.48275862068965,PE,30-Mar-2026
21150,30-03-2026,NIFTY,OPTIDXNIFTY30-03-2026CE21150.00,2.0,1.0,100.0,2,41.81,2005.8,-362.6,3510,5980,1541.65,65,2092.35,780,23002.15,,-15.30991386590103,CE,30-Mar-2026
21150,30-03-2026,NIFTY,OPTIDXNIFTY30-03-2026PE21150.00,1450.0,999.0,221.50776053215077,5863,34.28,41.9,24.0,50960,6825,32.0,1560,45.7,1300,23002.15,,134.0782122905028,PE,30-Mar-2026
21200,30-03-2026,NIFTY,OPTIDXNIFTY30-03-2026CE21200.00,2.0,0.0,0.0,0,0.0,2296.3,0.3,3380,5915,1624.45,780,2071.55,780,23002.15,,0.013066202090592335,CE,30-Mar-2026
21200,30-03-2026,NIFTY,OPTIDXNIFTY30-03-2026PE21200.00,1920.0,1500.0,357.14285714285717,8393,33.96,44.1,25.8,50310,4940,33.8,1300,44.1,195,23002.15,,140.98360655737704,PE,30-Mar-2026
21250,30-03-2026,NIFTY,OPTIDXNIFTY30-03-2026CE21250.00,20.0,18.0,900.0,25,40.57,1909.2,-402.0,4745,3445,1652.55,1690,2197.8,65,23002.15,,-17.39356178608515,CE,30-Mar-2026
21250,30-03-2026,NIFTY,OPTIDXNIFTY30-03-2026PE21250.00,413.0,362.0,709.8039215686274,2394,33.68,46.6,26.1,40950,3640,32.0,1560,52.85,1300,23002.15,,127.3170731707317,PE,30-Mar-2026
21300,30-03-2026,NIFTY,OPTIDXNIFTY30-03-2026CE21300.00,3.0,0.0,0.0,0,0.0,2218.0,3.9,4225,5915,1476.6,780,1973.25,780,23002.15,,0.17614380560950274,CE,30-Mar-2026
21300,30-03-2026,NIFTY,OPTIDXNIFTY30-03-2026PE21300.00,1114.0,998.0,860.3448275862069,5390,33.01,47.0,27.2,50700,4160,46.3,260,54.0,65,23002.15,,137.37373737373738,PE,30-Mar-2026
21350,30-03-2026,NIFTY,OPTIDXNIFTY30-03-2026CE21350.00,1.0,0.0,0.0,2,38.78,1808.5,-374.7,5135,5980,1472.2,1690,1895.95,780,23002.15,,-17.162880175888603,CE,30-Mar-2026
21350,30-03-2026,NIFTY,OPTIDXNIFTY30-03-2026PE21350.00,311.0,229.0,279.2682926829268,2046,32.75,49.9,30.1,47190,1820,35.0,1560,56.0,65,23002.15,,152.02020202020202,PE,30-Mar-2026
21400,30-03-2026,NIFTY,OPTIDXNIFTY30-03-2026CE21400.00,2.0,0.0,0.0,2,38.97,1767.0,-365.9,5200,3380,1389.3,65,1982.95,1690,23002.15,,-17.155047118946037,CE,30-Mar-2026
21400,30-03-2026,NIFTY,OPTIDXNIFTY30-03-2026PE21400.00,0.0,0.0,0.0,0,0.0,0.0,0.0,98865,0,20.05,57265,0.0,0,23002.15,,0.0,PE,30-Mar-2026
21450,30-03-2026,NIFTY,OPTIDXNIFTY30-03-2026CE21450.00,4.0,-1.0,-20.0,2,38.25,1718.2,-381.8,3445,5265,1467.95,65,1758.55,65,23002.15,,-18.18095238095238,CE,30-Mar-2026
21450,30-03-2026,NIFTY,OPTIDXNIFTY30-03-2026PE21450.00,778.0,19.0,2.503293807641634,4460,32.05,55.0,32.55,41145,4225,48.05,65,56.8,65,23002.15,,144.98886414253897,PE,30-Mar-2026
21500,30-03-2026,NIFTY,OPTIDXNIFTY30-03-2026CE21500.00,929.0,257.0,38.24404761904762,333,35.69,1654.25,-672.05,6045,6695,1662.05,65,1686.0,65,23002.15,,-28.889223230021923,CE,30-Mar-2026
21500,30-03-2026,NIFTY,OPTIDXNIFTY30-03-2026PE21500.00,26555.0,4945.0,22.882924571957428,70584,31.81,58.5,35.45,43095,18070,56.65,65,59.0,195,23002.15,,153.79609544468548,PE,30-Mar-2026
21550,30-03-2026,NIFTY,OPTIDXNIFTY30-03-2026CE21550.00,6.0,0.0,0.0,2,38.02,1631.6,-577.0,1820,3380,1171.65,65,1853.55,1690,23002.15,,-26.125147152042018,CE,30-Mar-2026
21550,30-03-2026,NIFTY,OPTIDXNIFTY30-03-2026PE21550.00,0.0,0.0,0.0,0,0.0,0.0,0.0,163995,0,20.05,128440,0.0,0,23002.15,,0.0,PE,30-Mar-2026
21600,30-03-2026,NIFTY,OPTIDXNIFTY30-03-2026CE21600.00,3.0,0.0,0.0,1,47.85,1691.85,71.85,5200,3380,1246.8,65,1717.7,1690,23002.15,,4.435185185185185,CE,30-Mar-2026
21600,30-03-2026,NIFTY,OPTIDXNIFTY30-03-2026PE21600.00,0.0,0.0,0.0,0,0.0,0.0,0.0,215930,0,20.05,197860,0.0,0,23002.15,,0.0,PE,30-Mar-2026
21650,30-03-2026,NIFTY,OPTIDXNIFTY30-03-2026CE21650.00,7.0,0.0,0.0,2,36.78,1536.65,-539.75,5135,3445,1080.35,1755,1720.5,65,23002.15,,-25.994509728376034,CE,30-Mar-2026
21650,30-03-2026,NIFTY,OPTIDXNIFTY30-03-2026PE21650.00,0.0,0.0,0.0,0,0.0,0.0,0.0,218400,0,20.05,180765,0.0,0,23002.15,,0.0,PE,30-Mar-2026
21700,30-03-2026,NIFTY,OPTIDXNIFTY30-03-2026CE21700.00,5.0,0.0,0.0,1,50.56,1647.85,-102.15,5135,3380,1194.65,1690,1611.2,1690,23002.15,,-5.837142857142857,CE,30-Mar-2026
21700,30-03-2026,NIFTY,OPTIDXNIFTY30-03-2026PE21700.00,0.0,0.0,0.0,0,0.0,0.0,0.0,236925,0,20.05,184210,0.0,0,23002.15,,0.0,PE,30-Mar-2026
21750,30-03-2026,NIFTY,OPTIDXNIFTY30-03-2026CE21750.00,7.0,1.0,16.666666666666668,8,35.98,1446.6,-603.4,4680,5200,1137.35,1690,1488.8,65,23002.15,,-29.434146341463414,CE,30-Mar-2026
21750,30-03-2026,NIFTY,OPTIDXNIFTY30-03-2026PE21750.00,3212.0,-413.0,-11.393103448275863,10879,30.08,75.4,46.55,26130,5070,75.15,325,81.3,65,23002.15,,161.3518197573657,PE,30-Mar-2026
21800,30-03-2026,NIFTY,OPTIDXNIFTY30-03-2026CE21800.00,5.0,4.0,400.0,15,33.36,1380.0,-656.0,6110,5395,1380.2,780,1426.1,130,23002.15,,-32.220039292730846,CE,30-Mar-2026
21800,30-03-2026,NIFTY,OPTIDXNIFTY30-03-2026PE21800.00,2942.0,2935.0,41928.57142857143,16915,29.79,79.95,59.5,31070,5590,79.45,260,82.75,65,23002.15,,290.9535452322738,PE,30-Mar-2026
21850,30-03-2026,NIFTY,OPTIDXNIFTY30-03-2026CE21850.00,5.0,0.0,0.0,1,22.65,1251.35,-580.45,4225,3380,1115.65,780,1447.7,1690,23002.15,,-31.68741128944208,CE,30-Mar-2026
21850,30-03-2026,NIFTY,OPTIDXNIFTY30-03-2026PE21850.00,0.0,0.0,0.0,0,0.0,0.0,0.0,394420,0,20.45,140855,0.0,0,23002.15,,0.0,PE,30-Mar-2026
21900,30-03-2026,NIFTY,OPTIDXNIFTY30-03-2026CE21900.00,6.0,-4.0,-40.0,14,29.46,1260.15,-485.25,5395,5265,1291.4,65,1326.75,130,23002.15,,-27.80165005156411,CE,30-Mar-2026
21900,30-03-2026,NIFTY,OPTIDXNIFTY30-03-2026PE21900.00,2639.0,1341.0,103.31278890600925,15437,29.6,93.35,60.6,26130,8060,89.65,195,93.3,1235,23002.15,,185.0381679389313,PE,30-Mar-2026
21950,30-03-2026,NIFTY,OPTIDXNIFTY30-03-2026CE21950.00,7.0,1.0,16.666666666666668,4,34.18,1267.3,-528.65,5200,5200,1028.55,65,1337.15,65,23002.15,,-29.435674712547677,CE,30-Mar-2026
21950,30-03-2026,NIFTY,OPTIDXNIFTY30-03-2026PE21950.00,1730.0,135.0,8.463949843260188,5453,29.15,97.3,62.3,20800,6110,94.6,65,99.95,65,23002.15,,178.0,PE,30-Mar-2026
22000,30-03-2026,NIFTY,OPTIDXNIFTY30-03-2026CE22000.00,10677.23076923077,1569.5384615384614,17.23310810810811,4705,32.91,1214.0,-600.2,6955,7930,1214.8,65,1228.6,65,23002.15,,-33.08345276154779,CE,30-Mar-2026
22000,30-03-2026,NIFTY,OPTIDXNIFTY30-03-2026PE22000.00,79400.30769230769,13336.923076923076,20.18807112982404,168025,28.54,100.0,63.8,72670,89570,100.05,260,102.1,3900,23002.15,,176.24309392265192,PE,30-Mar-2026
22050,30-03-2026,NIFTY,OPTIDXNIFTY30-03-2026CE22050.00,10.0,3.0,42.857142857142854,16,32.33,1168.3,-560.2,5200,5460,910.4,65,1203.75,65,23002.15,,-32.40960370263234,CE,30-Mar-2026
22050,30-03-2026,NIFTY,OPTIDXNIFTY30-03-2026PE22050.00,1362.0,390.0,40.123456790123456,5491,28.15,105.0,66.65,22100,6110,105.75,65,112.55,650,23002.15,,173.79400260756194,PE,30-Mar-2026
22100,30-03-2026,NIFTY,OPTIDXNIFTY30-03-2026CE22100.00,9.0,-1.0,-10.0,6,32.46,1131.2,-497.75,5460,3770,1122.75,65,1156.2,65,23002.15,,-30.556493446698795,CE,30-Mar-2026
22100,30-03-2026,NIFTY,OPTIDXNIFTY30-03-2026PE22100.00,2259.0,1595.0,240.210843373494,12747,28.1,113.95,73.6,20345,6890,113.0,65,116.0,65,23002.15,,182.40396530359357,PE,30-Mar-2026
22150,30-03-2026,NIFTY,OPTIDXNIFTY30-03-2026CE22150.00,21.0,7.0,50.0,14,31.48,1081.45,-528.45,3705,5330,834.05,325,1116.8,65,23002.15,,-32.82502018758929,CE,30-Mar-2026
22150,30-03-2026,NIFTY,OPTIDXNIFTY30-03-2026PE22150.00,1416.0,250.0,21.44082332761578,5500,27.88,121.6,78.65,16445,6760,120.05,65,125.35,65,23002.15,,183.1199068684517,PE,30-Mar-2026
22200,30-03-2026,NIFTY,OPTIDXNIFTY30-03-2026CE22200.00,38.0,19.0,100.0,41,30.09,1027.0,-597.8,5785,3640,1039.1,130,1114.05,130,23002.15,,-36.79222058099458,CE,30-Mar-2026
22200,30-03-2026,NIFTY,OPTIDXNIFTY30-03-2026PE22200.00,4066.0,1770.0,77.09059233449477,35926,27.56,128.6,83.95,18395,8125,129.15,260,130.05,65,23002.15,,188.0179171332587,PE,30-Mar-2026
22250,30-03-2026,NIFTY,OPTIDXNIFTY30-03-2026CE22250.00,15.0,0.0,0.0,0,0.0,1600.0,0.0,0,3380,0.0,0,1128.8,1690,23002.15,,0.0,CE,30-Mar-2026
22250,30-03-2026,NIFTY,OPTIDXNIFTY30-03-2026PE22250.00,0.0,0.0,0.0,0,0.0,0.0,0.0,400010,0,51.9,30225,0.0,0,23002.15,,0.0,PE,30-Mar-2026
22300,30-03-2026,NIFTY,OPTIDXNIFTY30-03-2026CE22300.00,48.0,30.0,166.66666666666666,89,30.89,962.6,-587.4,5720,5525,951.1,65,980.0,130,23002.15,,-37.89677419354839,CE,30-Mar-2026
22300,30-03-2026,NIFTY,OPTIDXNIFTY30-03-2026PE22300.00,6037.0,619.0,11.424880029531192,34681,27.27,148.25,99.75,16835,8645,145.0,65,147.75,975,23002.15,,205.6701030927835,PE,30-Mar-2026
22350,30-03-2026,NIFTY,OPTIDXNIFTY30-03-2026CE22350.00,12.0,-2.0,-14.285714285714286,49,22.18,819.6,-377.1,5980,5265,879.6,780,968.2,65,23002.15,,-31.511657056906493,CE,30-Mar-2026
22350,30-03-2026,NIFTY,OPTIDXNIFTY30-03-2026PE22350.00,2538.0,1500.0,144.50867052023122,9071,27.02,157.6,105.2,16900,9750,153.85,65,157.95,260,23002.15,,200.76335877862596,PE,30-Mar-2026
22400,30-03-2026,NIFTY,OPTIDXNIFTY30-03-2026CE22400.00,131.0,86.0,191.11111111111111,200,29.19,868.7,-605.6,6890,7605,872.7,130,906.3,65,23002.15,,-41.07712134572339,CE,30-Mar-2026
22400,30-03-2026,NIFTY,OPTIDXNIFTY30-03-2026PE22400.00,6790.0,1794.0,35.90872698158527,27523,26.25,160.9,106.4,17810,12545,160.7,260,166.25,975,23002.15,,195.22935779816513,PE,30-Mar-2026
22450,30-03-2026,NIFTY,OPTIDXNIFTY30-03-2026CE22450.00,47.0,26.0,123.80952380952381,46,28.99,830.85,-507.7,3835,6175,589.2,65,886.5,65,23002.15,,-37.92910238691121,CE,30-Mar-2026
22450,30-03-2026,NIFTY,OPTIDXNIFTY30-03-2026PE22450.00,1959.0,1957.0,97850.0,9866,26.06,172.15,142.85,32565,12025,170.5,65,177.25,260,23002.15,,487.54266211604096,PE,30-Mar-2026
22500,30-03-2026,NIFTY,OPTIDXNIFTY30-03-2026CE22500.00,4659.0,192.0,4.298186702484889,5693,29.32,801.05,-551.0,7800,8710,800.95,65,810.0,130,23002.15,,-40.7529307348101,CE,30-Mar-2026
22500,30-03-2026,NIFTY,OPTIDXNIFTY30-03-2026PE22500.00,37023.0,2552.0,7.40332453366598,137501,25.59,180.2,119.15,42055,45890,180.2,195,185.8,975,23002.15,,195.16789516789518,PE,30-Mar-2026
22550,30-03-2026,NIFTY,OPTIDXNIFTY30-03-2026CE22550.00,78.0,45.0,136.36363636363637,212,29.2,765.8,-592.45,5850,6565,743.95,65,794.25,65,23002.15,,-43.61862690962636,CE,30-Mar-2026
22550,30-03-2026,NIFTY,OPTIDXNIFTY30-03-2026PE22550.00,1883.0,1159.0,160.08287292817678,12223,25.54,194.55,130.2,17745,10855,189.8,65,198.5,260,23002.15,,202.33100233100234,PE,30-Mar-2026
22600,30-03-2026,NIFTY,OPTIDXNIFTY30-03-2026CE22600.00,312.0,186.0,147.61904761904762,924,29.28,734.35,-552.9,4160,8905,717.4,195,743.15,65,23002.15,,-42.952029520295206,CE,30-Mar-2026
22600,30-03-2026,NIFTY,OPTIDXNIFTY30-03-2026PE22600.00,6556.0,1666.0,34.06952965235174,35433,25.08,204.05,137.0,23270,15730,204.05,65,208.05,975,23002.15,,204.32513049962714,PE,30-Mar-2026
22650,30-03-2026,NIFTY,OPTIDXNIFTY30-03-2026CE22650.00,139.0,74.0,113.84615384615384,238,28.41,689.55,-502.3,3705,7215,648.15,780,721.45,65,23002.15,,-42.144565171791754,CE,30-Mar-2026
22650,30-03-2026,NIFTY,OPTIDXNIFTY30-03-2026PE22650.00,1414.0,645.0,83.87516254876464,9774,25.19,222.2,150.15,13130,10595,214.05,65,221.25,260,23002.15,,208.3969465648855,PE,30-Mar-2026
22700,30-03-2026,NIFTY,OPTIDXNIFTY30-03-2026CE22700.00,557.0,239.0,75.15723270440252,1439,27.84,649.7,-505.8,4160,7735,645.0,130,671.25,65,23002.15,,-43.77325832972739,CE,30-Mar-2026
22700,30-03-2026,NIFTY,OPTIDXNIFTY30-03-2026PE22700.00,6513.0,-116.0,-1.7498868607633127,39906,24.3,226.8,150.75,19760,14690,227.65,65,230.0,130,23002.15,,198.22485207100593,PE,30-Mar-2026
22750,30-03-2026,NIFTY,OPTIDXNIFTY30-03-2026CE22750.00,806.0,48.0,6.332453825857519,566,27.51,614.05,-569.85,3445,7475,595.9,65,633.55,65,23002.15,,-48.133288284483484,CE,30-Mar-2026
22750,30-03-2026,NIFTY,OPTIDXNIFTY30-03-2026PE22750.00,1901.0,-645.0,-25.333857030636292,13053,24.22,244.0,162.7,12285,7930,240.2,65,248.15,65,23002.15,,200.1230012300123,PE,30-Mar-2026
22800,30-03-2026,NIFTY,OPTIDXNIFTY30-03-2026CE22800.00,1764.0,793.0,81.66838311019568,5611,27.2,579.6,-502.7,6955,7020,576.75,65,594.25,130,23002.15,,-46.447380578397855,CE,30-Mar-2026
22800,30-03-2026,NIFTY,OPTIDXNIFTY30-03-2026PE22800.00,14255.0,-7921.0,-35.718795093795094,86844,23.81,257.0,171.4,26520,27040,255.05,65,262.0,130,23002.15,,200.2336448598131,PE,30-Mar-2026
22850,30-03-2026,NIFTY,OPTIDXNIFTY30-03-2026CE22850.00,353.0,166.0,88.77005347593582,1636,27.13,549.5,-505.9,3185,4810,527.0,65,564.65,65,23002.15,,-47.934432442675764,CE,30-Mar-2026
22850,30-03-2026,NIFTY,OPTIDXNIFTY30-03-2026PE22850.00,2082.0,-371.0,-15.12433754586221,14685,23.6,274.0,181.5,15600,11180,267.8,65,277.15,260,23002.15,,196.21621621621622,PE,30-Mar-2026
22900,30-03-2026,NIFTY,OPTIDXNIFTY30-03-2026CE22900.00,1707.0,1103.0,182.6158940397351,6284,26.84,517.0,-472.0,4615,7930,510.3,65,524.8,65,23002.15,,-47.72497472194136,CE,30-Mar-2026
22900,30-03-2026,NIFTY,OPTIDXNIFTY30-03-2026PE22900.00,8044.0,-4591.0,-36.335575781559164,55883,23.39,291.95,195.7,16900,17290,288.05,130,291.95,130,23002.15,,203.32467532467533,PE,30-Mar-2026
22950,30-03-2026,NIFTY,OPTIDXNIFTY30-03-2026CE22950.00,1176.0,649.0,123.14990512333966,5003,26.35,481.95,-442.65,7215,7410,475.3,65,497.6,65,23002.15,,-47.87475665152498,CE,30-Mar-2026
22950,30-03-2026,NIFTY,OPTIDXNIFTY30-03-2026PE22950.00,3165.0,987.0,45.3168044077135,16515,23.12,309.9,206.0,7215,10595,303.5,65,308.8,65,23002.15,,198.26756496631376,PE,30-Mar-2026
23000,30-03-2026,NIFTY,OPTIDXNIFTY30-03-2026CE23000.00,30576.846153846152,7823.692307692308,34.38508947195824,77659,26.33,455.35,-425.0,47840,41015,448.9,195,455.4,130,23002.15,,-48.276253762708016,CE,30-Mar-2026
23000,30-03-2026,NIFTY,OPTIDXNIFTY30-03-2026PE23000.00,60064.07692307692,-22084.30769230769,-26.88343513473274,242948,22.57,324.45,215.25,74360,93340,324.45,65,325.1,195,23002.15,,197.1153846153846,PE,30-Mar-2026
23050,30-03-2026,NIFTY,OPTIDXNIFTY30-03-2026CE23050.00,1362.0,797.0,141.06194690265488,6599,25.4,415.25,-402.7,13650,11115,415.55,195,427.85,130,23002.15,,-49.232838193043584,CE,30-Mar-2026
23050,30-03-2026,NIFTY,OPTIDXNIFTY30-03-2026PE23050.00,2898.0,446.0,18.189233278955953,19735,22.48,347.25,229.1,7280,13065,340.0,65,344.45,195,23002.15,,193.9060516292848,PE,30-Mar-2026
23100,30-03-2026,NIFTY,OPTIDXNIFTY30-03-2026CE23100.00,7236.0,4511.0,165.54128440366972,38190,25.26,388.65,-418.55,25090,21385,388.65,65,391.8,520,23002.15,,-51.85208126858276,CE,30-Mar-2026
23100,30-03-2026,NIFTY,OPTIDXNIFTY30-03-2026PE23100.00,9955.0,-1651.0,-14.225400654833706,72227,21.42,355.7,232.35,20995,18720,358.65,65,363.05,195,23002.15,,188.3664369679773,PE,30-Mar-2026
23150,30-03-2026,NIFTY,OPTIDXNIFTY30-03-2026CE23150.00,2137.0,1262.0,144.22857142857143,12961,24.97,360.6,-393.35,13195,12935,360.6,195,366.65,65,23002.15,,-52.17189468797665,CE,30-Mar-2026
23150,30-03-2026,NIFTY,OPTIDXNIFTY30-03-2026PE23150.00,2728.0,-1649.0,-37.67420607722184,25078,20.99,375.45,241.7,8840,14625,376.4,325,386.7,195,23002.15,,180.71028037383178,PE,30-Mar-2026
23200,30-03-2026,NIFTY,OPTIDXNIFTY30-03-2026CE23200.00,17605.0,10756.0,157.04482406190684,99244,24.99,338.45,-386.7,27560,49075,335.9,1430,338.0,975,23002.15,,-53.32689788319658,CE,30-Mar-2026
23200,30-03-2026,NIFTY,OPTIDXNIFTY30-03-2026PE23200.00,20404.0,157.0,0.7754235195337581,129778,21.0,403.35,264.05,14495,20800,403.25,325,407.1,195,23002.15,,189.5549174443647,PE,30-Mar-2026
23250,30-03-2026,NIFTY,OPTIDXNIFTY30-03-2026CE23250.00,4913.0,2414.0,96.59863945578232,30036,24.34,306.65,-365.1,42510,16705,307.9,65,310.0,65,23002.15,,-54.350576851507256,CE,30-Mar-2026
23250,30-03-2026,NIFTY,OPTIDXNIFTY30-03-2026PE23250.00,4209.0,190.0,4.727544165215227,30533,20.98,431.95,280.6,5525,7995,421.5,65,430.95,195,23002.15,,185.3980839114635,PE,30-Mar-2026
23300,30-03-2026,NIFTY,OPTIDXNIFTY30-03-2026CE23300.00,16472.0,8218.0,99.5638478313545,107577,23.89,279.25,-364.3,38220,67795,282.0,65,287.05,130,23002.15,,-56.60787817574392,CE,30-Mar-2026
23300,30-03-2026,NIFTY,OPTIDXNIFTY30-03-2026PE23300.00,15046.0,-2659.0,-15.018356396498165,110133,20.26,450.8,291.6,11765,34320,450.75,975,456.35,65,23002.15,,183.16582914572865,PE,30-Mar-2026
23350,30-03-2026,NIFTY,OPTIDXNIFTY30-03-2026CE23350.00,3521.0,2042.0,138.06626098715347,21186,23.74,257.6,-351.0,17485,21775,257.65,195,264.85,195,23002.15,,-57.67334866907657,CE,30-Mar-2026
23350,30-03-2026,NIFTY,OPTIDXNIFTY30-03-2026PE23350.00,2091.0,-1012.0,-32.61359974218498,15338,21.03,493.85,323.5,3120,10205,476.3,130,489.95,585,23002.15,,189.903140592897,PE,30-Mar-2026
23400,30-03-2026,NIFTY,OPTIDXNIFTY30-03-2026CE23400.00,14257.0,5281.0,58.834670231729056,61524,23.54,236.25,-325.4,31070,29055,236.0,260,240.6,65,23002.15,,-57.93643728300543,CE,30-Mar-2026
23400,30-03-2026,NIFTY,OPTIDXNIFTY30-03-2026PE23400.00,14021.0,-5903.0,-29.627584822324835,53531,19.71,506.55,325.35,11635,9035,501.0,65,506.55,130,23002.15,,179.55298013245033,PE,30-Mar-2026
23450,30-03-2026,NIFTY,OPTIDXNIFTY30-03-2026CE23450.00,2577.0,1226.0,90.74759437453739,13915,23.65,220.55,-303.65,18785,12480,215.0,65,221.3,195,23002.15,,-57.92636398321251,CE,30-Mar-2026
23450,30-03-2026,NIFTY,OPTIDXNIFTY30-03-2026PE23450.00,2516.0,-592.0,-19.047619047619047,6072,19.3,534.5,338.7,3185,4420,532.1,65,560.5,65,23002.15,,172.98263534218592,PE,30-Mar-2026
23500,30-03-2026,NIFTY,OPTIDXNIFTY30-03-2026CE23500.00,46223.0,15239.0,49.18344952233411,188491,23.14,196.75,-305.8,90675,84825,196.75,130,200.0,4550,23002.15,,-60.84966669983086,CE,30-Mar-2026
23500,30-03-2026,NIFTY,OPTIDXNIFTY30-03-2026PE23500.00,34362.0,-22974.0,-40.06906655504395,112378,18.25,555.05,348.45,37635,21970,556.55,520,574.95,130,23002.15,,168.6592449177154,PE,30-Mar-2026
23550,30-03-2026,NIFTY,OPTIDXNIFTY30-03-2026CE23550.00,2882.0,493.0,20.636249476768523,17603,23.33,184.2,-261.95,18460,9815,176.85,260,184.25,260,23002.15,,-58.71343718480332,CE,30-Mar-2026
23550,30-03-2026,NIFTY,OPTIDXNIFTY30-03-2026PE23550.00,2258.0,-1563.0,-40.905522114629676,5753,19.82,612.55,391.1,2665,8255,584.95,65,607.65,65,23002.15,,176.60871528561754,PE,30-Mar-2026
23600,30-03-2026,NIFTY,OPTIDXNIFTY30-03-2026CE23600.00,13145.0,89.0,0.6816789215686274,56175,22.92,164.15,-252.2,34060,57135,162.05,65,164.65,65,23002.15,,-60.57403626756335,CE,30-Mar-2026
23600,30-03-2026,NIFTY,OPTIDXNIFTY30-03-2026PE23600.00,8762.0,-5841.0,-39.998630418407174,22139,19.12,640.45,405.25,6695,6240,625.0,195,638.5,65,23002.15,,172.3001700680272,PE,30-Mar-2026
23650,30-03-2026,NIFTY,OPTIDXNIFTY30-03-2026CE23650.00,3483.0,396.0,12.82798833819242,17297,22.37,143.35,-232.6,22165,11700,143.55,260,150.0,65,23002.15,,-61.86992951190318,CE,30-Mar-2026
23650,30-03-2026,NIFTY,OPTIDXNIFTY30-03-2026PE23650.00,2686.0,-1962.0,-42.21170395869191,7735,19.09,678.4,428.35,6890,3965,642.8,195,680.85,260,23002.15,,171.30573885222955,PE,30-Mar-2026
23700,30-03-2026,NIFTY,OPTIDXNIFTY30-03-2026CE23700.00,12886.0,557.0,4.517803552599562,60287,22.41,131.55,-222.75,37830,34255,131.5,65,133.0,780,23002.15,,-62.87044877222693,CE,30-Mar-2026
23700,30-03-2026,NIFTY,OPTIDXNIFTY30-03-2026PE23700.00,9019.0,-8194.0,-47.60355545227444,26839,18.14,706.8,438.0,6175,4875,692.0,325,706.65,65,23002.15,,162.94642857142858,PE,30-Mar-2026
23750,30-03-2026,NIFTY,OPTIDXNIFTY30-03-2026CE23750.00,4459.0,-1297.0,-22.533009034051425,25386,22.21,117.65,-194.3,28535,17225,117.65,65,123.5,65,23002.15,,-62.285622695944866,CE,30-Mar-2026
23750,30-03-2026,NIFTY,OPTIDXNIFTY30-03-2026PE23750.00,2244.0,-3177.0,-58.60542335362479,9770,16.76,733.4,445.7,6695,3835,723.05,65,751.85,130,23002.15,,154.91831769204032,PE,30-Mar-2026
23800,30-03-2026,NIFTY,OPTIDXNIFTY30-03-2026CE23800.00,20366.0,-5497.0,-21.25430151181224,86832,21.97,104.3,-191.35,55835,44135,105.25,260,106.65,65,23002.15,,-64.72179942499577,CE,30-Mar-2026
23800,30-03-2026,NIFTY,OPTIDXNIFTY30-03-2026PE23800.00,18470.0,-14155.0,-43.38697318007663,36012,16.18,770.65,465.45,12610,4615,766.65,65,775.55,130,23002.15,,152.50655307994757,PE,30-Mar-2026
23850,30-03-2026,NIFTY,OPTIDXNIFTY30-03-2026CE23850.00,4850.0,264.0,5.756650675970344,17054,22.01,95.0,-168.9,28080,12740,94.25,65,100.55,65,23002.15,,-64.00151572565366,CE,30-Mar-2026
23850,30-03-2026,NIFTY,OPTIDXNIFTY30-03-2026PE23850.00,2705.0,-1482.0,-35.39527107714354,4415,17.38,824.55,491.2,5980,3640,797.9,65,824.8,65,23002.15,,147.3526323683816,PE,30-Mar-2026
23900,30-03-2026,NIFTY,OPTIDXNIFTY30-03-2026CE23900.00,15280.0,1590.0,11.614317019722424,49462,21.84,84.25,-152.85,30680,22425,83.85,195,85.95,1820,23002.15,,-64.4664698439477,CE,30-Mar-2026
23900,30-03-2026,NIFTY,OPTIDXNIFTY30-03-2026PE23900.00,5865.0,-3603.0,-38.054499366286436,9296,14.33,846.45,493.65,7020,4225,839.75,65,855.7,65,23002.15,,139.9234693877551,PE,30-Mar-2026
23950,30-03-2026,NIFTY,OPTIDXNIFTY30-03-2026CE23950.00,3641.0,519.0,16.623959000640614,14148,21.7,74.65,-145.65,30160,10140,74.2,260,77.45,65,23002.15,,-66.11438946890604,CE,30-Mar-2026
23950,30-03-2026,NIFTY,OPTIDXNIFTY30-03-2026PE23950.00,1028.0,-247.0,-19.372549019607842,823,16.45,905.7,521.0,5785,2860,876.3,65,911.7,65,23002.15,,135.43020535482194,PE,30-Mar-2026
24000,30-03-2026,NIFTY,OPTIDXNIFTY30-03-2026CE24000.00,73174.84615384616,7744.2307692307695,11.835790820105384,194995,21.58,66.15,-125.75,127660,116285,66.1,130,67.0,65,23002.15,,-65.52892131318394,CE,30-Mar-2026
24000,30-03-2026,NIFTY,OPTIDXNIFTY30-03-2026PE24000.00,53643.692307692305,-8703.615384615385,-13.959889699758795,32702,0.0,925.0,517.8,35490,11635,930.0,65,937.05,65,23002.15,,127.16110019646365,PE,30-Mar-2026
24050,30-03-2026,NIFTY,OPTIDXNIFTY30-03-2026CE24050.00,3402.0,504.0,17.391304347826086,13446,21.6,59.5,-109.2,45370,7280,59.0,130,59.5,130,23002.15,,-64.73029045643153,CE,30-Mar-2026
24050,30-03-2026,NIFTY,OPTIDXNIFTY30-03-2026PE24050.00,764.0,-129.0,-14.44568868980963,410,13.72,984.65,547.55,6045,2405,969.2,195,999.1,65,23002.15,,125.26881720430107,PE,30-Mar-2026
24100,30-03-2026,NIFTY,OPTIDXNIFTY30-03-2026CE24100.00,12233.0,3078.0,33.6209721463681,52414,21.55,52.9,-100.3,52390,15210,52.75,130,54.15,260,23002.15,,-65.46997389033943,CE,30-Mar-2026
24100,30-03-2026,NIFTY,OPTIDXNIFTY30-03-2026PE24100.00,2888.0,-842.0,-22.57372654155496,4070,0.0,1025.0,567.8,6565,4810,1002.3,65,1031.9,65,23002.15,,124.1907261592301,PE,30-Mar-2026
24150,30-03-2026,NIFTY,OPTIDXNIFTY30-03-2026CE24150.00,2152.0,-148.0,-6.434782608695652,14995,21.58,47.5,-83.15,53365,4550,47.0,130,48.25,260,23002.15,,-63.643321852277076,CE,30-Mar-2026
24150,30-03-2026,NIFTY,OPTIDXNIFTY30-03-2026PE24150.00,1489.0,44.0,3.0449826989619377,422,0.0,1071.05,565.9,6045,4095,1028.6,65,1087.5,130,23002.15,,112.02613085222211,PE,30-Mar-2026
24200,30-03-2026,NIFTY,OPTIDXNIFTY30-03-2026CE24200.00,15286.0,114.0,0.7513841286580543,58865,21.61,42.6,-76.6,130845,18525,40.65,65,42.9,195,23002.15,,-64.26174496644295,CE,30-Mar-2026
24200,30-03-2026,NIFTY,OPTIDXNIFTY30-03-2026PE24200.00,7578.0,-661.0,-8.022818303192135,2617,0.0,1102.2,571.85,7020,4875,1097.1,65,1120.0,65,23002.15,,107.8250212124069,PE,30-Mar-2026
24250,30-03-2026,NIFTY,OPTIDXNIFTY30-03-2026CE24250.00,3017.0,350.0,13.123359580052494,10639,21.71,38.65,-62.1,45955,16965,37.8,650,38.6,65,23002.15,,-61.63771712158809,CE,30-Mar-2026
24250,30-03-2026,NIFTY,OPTIDXNIFTY30-03-2026PE24250.00,913.0,-36.0,-3.793466807165437,90,0.0,1169.4,597.7,5005,5655,1093.3,65,1170.2,65,23002.15,,104.54783977610634,PE,30-Mar-2026
24300,30-03-2026,NIFTY,OPTIDXNIFTY30-03-2026CE24300.00,13521.0,-4108.0,-23.302512904872653,60031,21.66,34.05,-57.45,61230,11440,33.05,195,34.05,195,23002.15,,-62.78688524590164,CE,30-Mar-2026
24300,30-03-2026,NIFTY,OPTIDXNIFTY30-03-2026PE24300.00,6124.0,-691.0,-10.139398385913426,1469,0.0,1194.85,590.95,6695,7410,1188.35,65,1208.8,65,23002.15,,97.85560523265441,PE,30-Mar-2026
24350,30-03-2026,NIFTY,OPTIDXNIFTY30-03-2026CE24350.00,2011.0,-831.0,-29.23997185080929,9263,21.86,31.35,-48.8,49530,2860,30.0,65,31.2,195,23002.15,,-60.885839051777914,CE,30-Mar-2026
24350,30-03-2026,NIFTY,OPTIDXNIFTY30-03-2026PE24350.00,473.0,-36.0,-7.072691552062868,110,0.0,1260.0,623.05,5850,3900,1187.8,65,1261.6,130,23002.15,,97.8177250961614,PE,30-Mar-2026
24400,30-03-2026,NIFTY,OPTIDXNIFTY30-03-2026CE24400.00,11260.0,-1606.0,-12.482512047256334,44261,21.82,27.6,-41.2,57200,5330,27.5,65,27.95,715,23002.15,,-59.883720930232556,CE,30-Mar-2026
24400,30-03-2026,NIFTY,OPTIDXNIFTY30-03-2026PE24400.00,4063.0,-398.0,-8.921766420085183,875,0.0,1289.8,616.4,6240,4680,1281.5,65,1302.35,65,23002.15,,91.53549153549153,PE,30-Mar-2026
24450,30-03-2026,NIFTY,OPTIDXNIFTY30-03-2026CE24450.00,2867.0,209.0,7.863054928517682,8415,22.04,25.55,-34.55,50180,3900,23.8,65,25.7,650,23002.15,,-57.48752079866888,CE,30-Mar-2026
24450,30-03-2026,NIFTY,OPTIDXNIFTY30-03-2026PE24450.00,988.0,-87.0,-8.093023255813954,170,0.0,1328.25,607.25,5850,2535,1324.25,65,1357.35,65,23002.15,,84.22330097087378,PE,30-Mar-2026
24500,30-03-2026,NIFTY,OPTIDXNIFTY30-03-2026CE24500.00,56301.0,-5245.0,-8.522081045071978,134019,22.05,22.65,-29.65,121485,89375,22.7,195,22.95,650,23002.15,,-56.69216061185468,CE,30-Mar-2026
24500,30-03-2026,NIFTY,OPTIDXNIFTY30-03-2026PE24500.00,26093.0,-3079.0,-10.554641436994379,8485,0.0,1383.4,606.95,7540,7215,1375.95,65,1393.35,65,23002.15,,78.16987571640158,PE,30-Mar-2026
24550,30-03-2026,NIFTY,OPTIDXNIFTY30-03-2026CE24550.00,2318.0,537.0,30.151600224592926,9861,22.23,20.8,-23.9,51155,2080,19.8,65,20.8,195,23002.15,,-53.4675615212528,CE,30-Mar-2026
24550,30-03-2026,NIFTY,OPTIDXNIFTY30-03-2026PE24550.00,715.0,-8.0,-1.1065006915629323,153,0.0,1440.45,643.05,5850,4095,1416.5,130,1444.8,65,23002.15,,80.6433408577878,PE,30-Mar-2026
24600,30-03-2026,NIFTY,OPTIDXNIFTY30-03-2026CE24600.00,11548.0,-859.0,-6.923510921254131,31045,22.14,18.0,-21.7,59085,7995,18.15,195,18.55,195,23002.15,,-54.659949622166245,CE,30-Mar-2026
24600,30-03-2026,NIFTY,OPTIDXNIFTY30-03-2026PE24600.00,7298.0,-126.0,-1.697198275862069,713,0.0,1480.0,635.1,6565,3185,1480.0,650,1491.15,130,23002.15,,75.16865901290093,PE,30-Mar-2026
24650,30-03-2026,NIFTY,OPTIDXNIFTY30-03-2026CE24650.00,1829.0,-329.0,-15.245597775718258,4428,22.3,16.45,-17.5,50635,7150,16.0,65,17.9,650,23002.15,,-51.54639175257732,CE,30-Mar-2026
24650,30-03-2026,NIFTY,OPTIDXNIFTY30-03-2026PE24650.00,582.0,-103.0,-15.036496350364963,197,0.0,1530.2,616.9,5525,5460,1504.0,65,1546.05,130,23002.15,,67.5462608124384,PE,30-Mar-2026
24700,30-03-2026,NIFTY,OPTIDXNIFTY30-03-2026CE24700.00,12141.0,-4766.0,-28.189507304666705,33139,22.72,16.0,-13.7,65910,4160,14.05,130,16.0,325,23002.15,,-46.127946127946124,CE,30-Mar-2026
24700,30-03-2026,NIFTY,OPTIDXNIFTY30-03-2026PE24700.00,14113.0,-150.0,-1.0516721587323845,752,0.0,1580.1,645.2,5590,4875,1572.3,65,1593.05,130,23002.15,,69.01272863407851,PE,30-Mar-2026
24750,30-03-2026,NIFTY,OPTIDXNIFTY30-03-2026CE24750.00,1475.0,-1173.0,-44.297583081571,8726,22.54,13.5,-13.6,51415,2730,13.65,195,15.1,390,23002.15,,-50.18450184501845,CE,30-Mar-2026
24750,30-03-2026,NIFTY,OPTIDXNIFTY30-03-2026PE24750.00,686.0,-19.0,-2.6950354609929077,90,27.68,1710.0,722.8,4615,5330,1514.2,65,1644.7,130,23002.15,,73.21717990275526,PE,30-Mar-2026
24800,30-03-2026,NIFTY,OPTIDXNIFTY30-03-2026CE24800.00,12557.0,-4772.0,-27.537653644180274,33035,22.91,13.0,-10.2,69550,19110,12.6,195,13.0,3315,23002.15,,-43.96551724137931,CE,30-Mar-2026
24800,30-03-2026,NIFTY,OPTIDXNIFTY30-03-2026PE24800.00,7170.0,-358.0,-4.75557917109458,802,0.0,1690.0,653.8,7150,5785,1638.6,780,1680.0,195,23002.15,,63.09592742713762,PE,30-Mar-2026
24850,30-03-2026,NIFTY,OPTIDXNIFTY30-03-2026CE24850.00,1164.0,-455.0,-28.103767757875232,4545,23.19,12.25,-9.1,52780,9880,12.2,130,13.15,1950,23002.15,,-42.622950819672134,CE,30-Mar-2026
24850,30-03-2026,NIFTY,OPTIDXNIFTY30-03-2026PE24850.00,503.0,-18.0,-3.45489443378119,46,0.0,1744.0,664.85,5590,5200,1688.65,65,1744.85,65,23002.15,,61.60867349302692,PE,30-Mar-2026
24900,30-03-2026,NIFTY,OPTIDXNIFTY30-03-2026CE24900.00,7445.0,-3298.0,-30.699059852927487,20841,23.23,10.9,-8.15,61555,6240,11.0,130,11.35,650,23002.15,,-42.78215223097113,CE,30-Mar-2026
24900,30-03-2026,NIFTY,OPTIDXNIFTY30-03-2026PE24900.00,5215.0,-128.0,-2.395657870110425,321,0.0,1780.0,654.8,5850,4030,1753.45,130,1787.45,130,23002.15,,58.19409882687522,PE,30-Mar-2026
24950,30-03-2026,NIFTY,OPTIDXNIFTY30-03-2026CE24950.00,1259.0,-345.0,-21.508728179551124,5664,23.77,11.0,-6.5,38935,3900,9.9,195,11.0,455,23002.15,,-37.142857142857146,CE,30-Mar-2026
24950,30-03-2026,NIFTY,OPTIDXNIFTY30-03-2026PE24950.00,317.0,-22.0,-6.489675516224189,24,36.17,1949.3,741.85,3315,5395,1762.15,780,1849.35,195,23002.15,,61.4393970764835,PE,30-Mar-2026
25000,30-03-2026,NIFTY,OPTIDXNIFTY30-03-2026CE25000.00,66959.0,-12486.846153846154,-15.717431128703055,98405,23.87,9.95,-6.2,214305,52325,9.9,390,9.95,130,23002.15,,-38.39009287925697,CE,30-Mar-2026
25000,30-03-2026,NIFTY,OPTIDXNIFTY30-03-2026PE25000.00,52246.153846153844,-406.9230769230769,-0.7728381714853394,5237,0.0,1860.9,645.1,8450,5720,1859.9,130,1875.4,65,23002.15,,53.05971376871196,PE,30-Mar-2026
25050,30-03-2026,NIFTY,OPTIDXNIFTY30-03-2026CE25050.00,1115.0,-949.0,-45.97868217054263,4697,24.1,9.3,-4.6,41405,6175,8.4,65,10.4,650,23002.15,,-33.093525179856115,CE,30-Mar-2026
25050,30-03-2026,NIFTY,OPTIDXNIFTY30-03-2026PE25050.00,244.0,-16.0,-6.153846153846154,39,0.0,1940.0,646.35,5265,5330,1761.55,65,1937.8,130,23002.15,,49.96328218606269,PE,30-Mar-2026
25100,30-03-2026,NIFTY,OPTIDXNIFTY30-03-2026CE25100.00,5335.0,-1341.0,-20.086878370281607,14097,24.14,8.3,-4.8,67730,5655,8.2,195,10.35,1300,23002.15,,-36.6412213740458,CE,30-Mar-2026
25100,30-03-2026,NIFTY,OPTIDXNIFTY30-03-2026PE25100.00,3316.0,-56.0,-1.66073546856465,200,0.0,1964.6,627.7,6240,3900,1902.2,65,1994.3,260,23002.15,,46.95190365771561,PE,30-Mar-2026
25150,30-03-2026,NIFTY,OPTIDXNIFTY30-03-2026CE25150.00,1334.0,-175.0,-11.597084161696488,2963,24.39,7.8,-4.05,42250,3575,7.15,1300,9.25,650,23002.15,,-34.177215189873415,CE,30-Mar-2026
25150,30-03-2026,NIFTY,OPTIDXNIFTY30-03-2026PE25150.00,394.0,-77.0,-16.348195329087048,102,0.0,2044.9,700.25,5395,5460,1951.25,65,2041.9,65,23002.15,,52.076748596289,PE,30-Mar-2026
25200,30-03-2026,NIFTY,OPTIDXNIFTY30-03-2026CE25200.00,12184.0,-1361.0,-10.047988187523071,18543,25.26,8.65,-2.3,66690,5785,7.0,130,8.95,65,23002.15,,-21.004566210045663,CE,30-Mar-2026
25200,30-03-2026,NIFTY,OPTIDXNIFTY30-03-2026PE25200.00,14432.0,-137.0,-0.940352803898689,336,0.0,2079.6,647.15,5915,4225,2053.3,65,2075.65,65,23002.15,,45.17784215853956,PE,30-Mar-2026
25250,30-03-2026,NIFTY,OPTIDXNIFTY30-03-2026CE25250.00,1785.0,52.0,3.000577034045009,3664,25.18,7.5,-2.7,39780,8060,7.3,715,7.5,5785,23002.15,,-26.470588235294116,CE,30-Mar-2026
25250,30-03-2026,NIFTY,OPTIDXNIFTY30-03-2026PE25250.00,338.0,-24.0,-6.629834254143646,51,41.9,2262.2,832.2,5200,5200,2075.0,65,2257.6,65,23002.15,,58.19580419580419,PE,30-Mar-2026
25300,30-03-2026,NIFTY,OPTIDXNIFTY30-03-2026CE25300.00,7256.0,-1359.0,-15.774811375507834,12945,25.77,7.75,-2.05,61555,8385,6.5,130,7.75,650,23002.15,,-20.918367346938776,CE,30-Mar-2026
25300,30-03-2026,NIFTY,OPTIDXNIFTY30-03-2026PE25300.00,3291.0,-222.0,-6.319385140905209,354,0.0,2177.2,656.85,6110,5005,2015.35,65,2202.2,780,23002.15,,43.20386753050285,PE,30-Mar-2026
25350,30-03-2026,NIFTY,OPTIDXNIFTY30-03-2026CE25350.00,1664.0,-573.0,-25.61466249441216,2541,25.39,6.2,-3.05,32695,6890,6.15,1300,12.3,1300,23002.15,,-32.972972972972975,CE,30-Mar-2026
25350,30-03-2026,NIFTY,OPTIDXNIFTY30-03-2026PE25350.00,318.0,-9.0,-2.7522935779816513,16,0.0,2236.0,658.95,3705,3900,2075.6,65,2256.3,130,23002.15,,41.78371009162677,PE,30-Mar-2026
25400,30-03-2026,NIFTY,OPTIDXNIFTY30-03-2026CE25400.00,10360.0,-551.0,-5.049949592154706,14908,26.29,7.0,-1.7,44460,5070,6.2,130,8.0,1300,23002.15,,-19.54022988505747,CE,30-Mar-2026
25400,30-03-2026,NIFTY,OPTIDXNIFTY30-03-2026PE25400.00,6697.0,-14.0,-0.20861272537624795,180,0.0,2279.0,673.3,6370,5915,2240.15,130,2296.1,195,23002.15,,41.93186772124307,PE,30-Mar-2026
25450,30-03-2026,NIFTY,OPTIDXNIFTY30-03-2026CE25450.00,1790.0,-133.0,-6.916276651066043,1509,28.75,11.2,3.4,59020,7085,5.4,1300,6.2,65,23002.15,,43.58974358974359,CE,30-Mar-2026
25450,30-03-2026,NIFTY,OPTIDXNIFTY30-03-2026PE25450.00,1285.0,30.0,2.3904382470119523,135,0.0,2369.0,690.85,4225,1950,2109.9,65,2335.65,195,23002.15,,41.16735691088401,PE,30-Mar-2026
25500,30-03-2026,NIFTY,OPTIDXNIFTY30-03-2026CE25500.00,45426.0,-3718.0,-7.565521732052743,34270,26.35,5.6,-2.1,119405,29965,5.6,3705,6.1,4550,23002.15,,-27.272727272727273,CE,30-Mar-2026
25500,30-03-2026,NIFTY,OPTIDXNIFTY30-03-2026PE25500.00,19983.0,-194.0,-0.9614908063636814,1065,0.0,2361.95,648.55,7540,6630,2352.6,65,2372.8,65,23002.15,,37.85164001400724,PE,30-Mar-2026
25550,30-03-2026,NIFTY,OPTIDXNIFTY30-03-2026CE25550.00,1295.0,-493.0,-27.572706935123044,1576,26.86,5.7,-0.6,54665,5655,5.15,260,6.2,130,23002.15,,-9.523809523809524,CE,30-Mar-2026
25550,30-03-2026,NIFTY,OPTIDXNIFTY30-03-2026PE25550.00,542.0,-10.0,-1.8115942028985508,52,41.27,2531.2,757.0,4420,6110,2318.8,65,2453.45,780,23002.15,,42.66711757411791,PE,30-Mar-2026
25600,30-03-2026,NIFTY,OPTIDXNIFTY30-03-2026CE25600.00,13601.0,-1057.0,-7.211079274116523,9617,26.74,4.9,-1.85,79560,5850,4.9,260,6.5,65,23002.15,,-27.40740740740741,CE,30-Mar-2026
25600,30-03-2026,NIFTY,OPTIDXNIFTY30-03-2026PE25600.00,9099.0,-45.0,-0.4921259842519685,214,0.0,2474.0,647.95,6110,5590,2444.1,130,2481.25,65,23002.15,,35.4836943128611,PE,30-Mar-2026
25650,30-03-2026,NIFTY,OPTIDXNIFTY30-03-2026CE25650.00,1061.0,-109.0,-9.316239316239317,727,27.06,4.75,-1.35,57590,4030,4.75,910,7.6,650,23002.15,,-22.131147540983605,CE,30-Mar-2026
25650,30-03-2026,NIFTY,OPTIDXNIFTY30-03-2026PE25650.00,435.0,-17.0,-3.7610619469026547,22,39.38,2614.0,740.95,5200,3705,2310.4,65,2699.7,1690,23002.15,,39.55847414644564,PE,30-Mar-2026
25700,30-03-2026,NIFTY,OPTIDXNIFTY30-03-2026CE25700.00,13649.0,-664.0,-4.639139244043876,6439,27.82,5.2,-0.8,94185,8970,5.25,1755,5.4,2535,23002.15,,-13.333333333333334,CE,30-Mar-2026
25700,30-03-2026,NIFTY,OPTIDXNIFTY30-03-2026PE25700.00,10341.0,-145.0,-1.3827961090978447,329,0.0,2567.4,641.9,6175,5850,2540.55,65,2588.15,260,23002.15,,33.336795637496756,PE,30-Mar-2026
25750,30-03-2026,NIFTY,OPTIDXNIFTY30-03-2026CE25750.00,1395.0,-142.0,-9.238776837996097,775,27.43,4.15,-1.6,59150,3640,4.15,1885,6.3,130,23002.15,,-27.82608695652174,CE,30-Mar-2026
25750,30-03-2026,NIFTY,OPTIDXNIFTY30-03-2026PE25750.00,711.0,-5.0,-0.6983240223463687,6,0.0,2620.75,670.35,5200,5915,2388.7,65,2763.5,780,23002.15,,34.36987284659557,PE,30-Mar-2026
25800,30-03-2026,NIFTY,OPTIDXNIFTY30-03-2026CE25800.00,19663.0,-1899.0,-8.807160745756423,13107,28.86,5.45,-0.15,91845,9035,4.4,65,5.45,260,23002.15,,-2.6785714285714284,CE,30-Mar-2026
25800,30-03-2026,NIFTY,OPTIDXNIFTY30-03-2026PE25800.00,14332.0,-83.0,-0.5757891085674645,259,0.0,2659.0,638.15,5850,6045,2644.75,65,2674.4,260,23002.15,,31.578296261474133,PE,30-Mar-2026
25850,30-03-2026,NIFTY,OPTIDXNIFTY30-03-2026CE25850.00,829.0,-47.0,-5.365296803652968,1854,28.3,4.2,-1.1,34970,4485,4.2,585,5.0,1755,23002.15,,-20.754716981132077,CE,30-Mar-2026
25850,30-03-2026,NIFTY,OPTIDXNIFTY30-03-2026PE25850.00,448.0,-7.0,-1.5384615384615385,10,0.0,2757.75,683.65,5395,3380,2598.15,65,2861.3,1690,23002.15,,32.96128441251627,PE,30-Mar-2026
25900,30-03-2026,NIFTY,OPTIDXNIFTY30-03-2026CE25900.00,7810.0,-646.0,-7.639545884578997,4360,28.97,4.5,-0.5,75400,23660,4.25,910,4.5,325,23002.15,,-10.0,CE,30-Mar-2026
25900,30-03-2026,NIFTY,OPTIDXNIFTY30-03-2026PE25900.00,5416.0,-42.0,-0.7695126419934042,110,0.0,2795.95,671.2,5720,3900,2730.45,130,2786.65,195,23002.15,,31.58959877632663,PE,30-Mar-2026
25950,30-03-2026,NIFTY,OPTIDXNIFTY30-03-2026CE25950.00,1064.0,-179.0,-14.400643604183427,896,28.95,4.0,-1.0,28145,5720,3.5,780,4.95,650,23002.15,,-20.0,CE,30-Mar-2026
25950,30-03-2026,NIFTY,OPTIDXNIFTY30-03-2026PE25950.00,187.0,0.0,0.0,0,0.0,2223.65,0.0,4160,6240,2699.5,780,2927.75,1105,23002.15,,0.0,PE,30-Mar-2026
26000,30-03-2026,NIFTY,OPTIDXNIFTY30-03-2026CE26000.00,84532.15384615384,-5749.0,-6.367884940634172,38647,29.03,3.65,-0.85,82810,79365,3.65,195,4.0,260,23002.15,,-18.88888888888889,CE,30-Mar-2026
26000,30-03-2026,NIFTY,OPTIDXNIFTY30-03-2026PE26000.00,54088.307692307695,-304.38461538461536,-0.5596057162656183,1228,0.0,2874.45,675.8,5980,6760,2853.5,65,2873.0,65,23002.15,,30.73704318559116,PE,30-Mar-2026
26050,30-03-2026,NIFTY,OPTIDXNIFTY30-03-2026CE26050.00,799.0,-121.0,-13.152173913043478,902,28.97,3.2,-0.9,21515,6435,3.25,195,5.05,1300,23002.15,,-21.951219512195124,CE,30-Mar-2026
26050,30-03-2026,NIFTY,OPTIDXNIFTY30-03-2026PE26050.00,200.0,-4.0,-1.9607843137254901,6,0.0,2925.05,625.05,4420,5395,2817.6,65,3169.75,65,23002.15,,27.17608695652174,PE,30-Mar-2026
26100,30-03-2026,NIFTY,OPTIDXNIFTY30-03-2026CE26100.00,4533.0,-412.0,-8.33164812942366,5932,29.99,3.8,-0.25,27170,19435,3.8,520,4.85,260,23002.15,,-6.172839506172839,CE,30-Mar-2026
26100,30-03-2026,NIFTY,OPTIDXNIFTY30-03-2026PE26100.00,2553.0,-35.0,-1.3523956723338486,51,44.74,3064.7,759.85,5265,6370,2823.8,65,3142.1,845,23002.15,,32.967438228084255,PE,30-Mar-2026
26150,30-03-2026,NIFTY,OPTIDXNIFTY30-03-2026CE26150.00,682.0,-152.0,-18.225419664268586,505,30.14,3.55,-0.3,22620,12155,3.1,1300,4.25,1365,23002.15,,-7.792207792207792,CE,30-Mar-2026
26150,30-03-2026,NIFTY,OPTIDXNIFTY30-03-2026PE26150.00,274.0,-8.0,-2.8368794326241136,8,0.0,3024.4,671.9,4810,3770,2834.1,1365,3176.9,325,23002.15,,28.561105207226355,PE,30-Mar-2026
26200,30-03-2026,NIFTY,OPTIDXNIFTY30-03-2026CE26200.00,6322.0,-822.0,-11.50615901455767,5224,29.81,2.9,-0.65,27625,2145,3.0,715,5.2,65,23002.15,,-18.309859154929576,CE,30-Mar-2026
26200,30-03-2026,NIFTY,OPTIDXNIFTY30-03-2026PE26200.00,3354.0,-339.0,-9.179528838342812,468,0.0,3079.25,663.45,5590,3770,3032.2,65,3081.4,130,23002.15,,27.462952231144964,PE,30-Mar-2026
26250,30-03-2026,NIFTY,OPTIDXNIFTY30-03-2026CE26250.00,851.0,125.0,17.21763085399449,905,34.32,7.85,4.4,23920,3315,2.85,195,7.4,195,23002.15,,127.53623188405797,CE,30-Mar-2026
26250,30-03-2026,NIFTY,OPTIDXNIFTY30-03-2026PE26250.00,217.0,-1.0,-0.45871559633027525,1,0.0,3115.9,635.7,4225,4485,2894.5,65,3257.8,780,23002.15,,25.630997500201598,PE,30-Mar-2026
26300,30-03-2026,NIFTY,OPTIDXNIFTY30-03-2026CE26300.00,8219.0,172.0,2.1374425251646576,3417,30.34,2.7,-0.75,49270,2340,2.7,195,3.5,65,23002.15,,-21.73913043478261,CE,30-Mar-2026
26300,30-03-2026,NIFTY,OPTIDXNIFTY30-03-2026PE26300.00,2501.0,-199.0,-7.37037037037037,631,0.0,3169.35,651.45,5590,4030,3143.55,65,3177.65,65,23002.15,,25.8727511021089,PE,30-Mar-2026
26350,30-03-2026,NIFTY,OPTIDXNIFTY30-03-2026CE26350.00,548.0,53.0,10.707070707070708,773,31.22,3.1,-0.25,31395,455,2.4,1300,4.0,455,23002.15,,-7.462686567164179,CE,30-Mar-2026
26350,30-03-2026,NIFTY,OPTIDXNIFTY30-03-2026PE26350.00,174.0,0.0,0.0,1,44.08,3300.0,288.45,3965,5915,3056.0,65,3381.55,780,23002.15,,9.578124221746277,PE,30-Mar-2026
26400,30-03-2026,NIFTY,OPTIDXNIFTY30-03-2026CE26400.00,3713.0,-58.0,-1.538053566693185,6413,31.04,2.65,-0.5,29575,3575,2.7,195,4.5,520,23002.15,,-15.873015873015873,CE,30-Mar-2026
26400,30-03-2026,NIFTY,OPTIDXNIFTY30-03-2026PE26400.00,1706.0,-6.0,-0.35046728971962615,7,0.0,3284.0,687.6,5460,6175,3119.75,780,3473.3,780,23002.15,,26.4828223694346,PE,30-Mar-2026
26450,30-03-2026,NIFTY,OPTIDXNIFTY30-03-2026CE26450.00,586.0,4.0,0.6872852233676976,246,31.62,2.8,-0.2,36595,650,2.55,1300,6.0,650,23002.15,,-6.666666666666667,CE,30-Mar-2026
26450,30-03-2026,NIFTY,OPTIDXNIFTY30-03-2026PE26450.00,68.0,0.0,0.0,1,0.0,3360.5,346.2,3965,5915,3177.0,65,3559.9,780,23002.15,,11.485253624390406,PE,30-Mar-2026
26500,30-03-2026,NIFTY,OPTIDXNIFTY30-03-2026CE26500.00,29680.0,-1541.0,-4.935780404215111,17587,31.6,2.5,-0.3,70265,74100,2.5,1560,2.8,65,23002.15,,-10.714285714285714,CE,30-Mar-2026
26500,30-03-2026,NIFTY,OPTIDXNIFTY30-03-2026PE26500.00,13232.0,-239.0,-1.7741815752356915,1182,0.0,3362.9,674.8,6110,5915,3341.5,65,3363.05,65,23002.15,,25.103232766638147,PE,30-Mar-2026
26550,30-03-2026,NIFTY,OPTIDXNIFTY30-03-2026CE26550.00,699.0,52.0,8.0370942812983,503,31.75,2.35,-0.5,32370,5720,2.35,975,3.25,2275,23002.15,,-17.54385964912281,CE,30-Mar-2026
26550,30-03-2026,NIFTY,OPTIDXNIFTY30-03-2026PE26550.00,11.0,0.0,0.0,0,0.0,2887.4,0.0,5135,4420,3215.45,1690,3559.4,780,23002.15,,0.0,PE,30-Mar-2026
26600,30-03-2026,NIFTY,OPTIDXNIFTY30-03-2026CE26600.00,2703.0,-9.0,-0.33185840707964603,1001,32.63,2.7,-0.15,32955,9620,2.6,650,2.7,520,23002.15,,-5.2631578947368425,CE,30-Mar-2026
26600,30-03-2026,NIFTY,OPTIDXNIFTY30-03-2026PE26600.00,553.0,-7.0,-1.25,15,0.0,3456.55,676.55,4030,5785,3400.1,260,3671.85,2145,23002.15,,24.336330935251798,PE,30-Mar-2026
26650,30-03-2026,NIFTY,OPTIDXNIFTY30-03-2026CE26650.00,659.0,60.0,10.01669449081803,157,33.41,3.0,0.3,30355,7280,2.15,1300,3.1,3510,23002.15,,11.11111111111111,CE,30-Mar-2026
26650,30-03-2026,NIFTY,OPTIDXNIFTY30-03-2026PE26650.00,37.0,0.0,0.0,0,0.0,3250.2,6.45,5915,4485,3418.4,780,3803.5,780,23002.15,,0.19884393063583816,PE,30-Mar-2026
26700,30-03-2026,NIFTY,OPTIDXNIFTY30-03-2026CE26700.00,3179.0,-111.0,-3.3738601823708207,680,33.66,2.9,0.2,34320,10530,2.1,910,2.85,650,23002.15,,7.407407407407407,CE,30-Mar-2026
26700,30-03-2026,NIFTY,OPTIDXNIFTY30-03-2026PE26700.00,525.0,-10.0,-1.8691588785046729,10,58.32,3701.0,779.0,4290,4745,3379.4,65,3787.45,780,23002.15,,26.659822039698838,PE,30-Mar-2026
26750,30-03-2026,NIFTY,OPTIDXNIFTY30-03-2026CE26750.00,689.0,13.0,1.9230769230769231,180,32.92,2.15,-0.4,36855,3640,2.15,2925,3.3,650,23002.15,,-15.686274509803921,CE,30-Mar-2026
26750,30-03-2026,NIFTY,OPTIDXNIFTY30-03-2026PE26750.00,13.0,0.0,0.0,0,0.0,3339.45,6.1,4940,4225,3517.95,780,4085.7,780,23002.15,,0.18299908500457499,PE,30-Mar-2026
26800,30-03-2026,NIFTY,OPTIDXNIFTY30-03-2026CE26800.00,4341.0,71.0,1.6627634660421546,1456,33.77,2.45,-0.15,46735,9425,2.15,910,2.55,390,23002.15,,-5.769230769230769,CE,30-Mar-2026
26800,30-03-2026,NIFTY,OPTIDXNIFTY30-03-2026PE26800.00,418.0,-7.0,-1.6470588235294117,12,0.0,3683.8,728.3,5395,3705,3465.1,65,3682.5,130,23002.15,,24.642192522415836,PE,30-Mar-2026
26850,30-03-2026,NIFTY,OPTIDXNIFTY30-03-2026CE26850.00,592.0,39.0,7.052441229656419,152,34.65,2.8,0.25,36270,5655,2.05,1300,2.8,455,23002.15,,9.803921568627452,CE,30-Mar-2026
26850,30-03-2026,NIFTY,OPTIDXNIFTY30-03-2026PE26850.00,12.0,0.0,0.0,0,0.0,3390.9,5.2,5980,4355,3600.35,780,4031.45,780,23002.15,,0.15358714593732464,PE,30-Mar-2026
26900,30-03-2026,NIFTY,OPTIDXNIFTY30-03-2026CE26900.00,1178.0,3.0,0.2553191489361702,397,34.02,2.15,-0.35,41405,11505,2.1,1560,2.8,650,23002.15,,-14.0,CE,30-Mar-2026
26900,30-03-2026,NIFTY,OPTIDXNIFTY30-03-2026PE26900.00,64.0,0.0,0.0,0,0.0,3300.0,0.0,4420,5915,3574.75,1040,4066.6,780,23002.15,,0.0,PE,30-Mar-2026
26950,30-03-2026,NIFTY,OPTIDXNIFTY30-03-2026CE26950.00,505.0,3.0,0.5976095617529881,145,33.84,1.85,-0.65,38155,11050,1.85,3055,2.8,2600,23002.15,,-26.0,CE,30-Mar-2026
26950,30-03-2026,NIFTY,OPTIDXNIFTY30-03-2026PE26950.00,17.0,0.0,0.0,0,0.0,3009.1,4.7,5915,4485,3707.35,780,4175.3,780,23002.15,,0.15643722540274266,PE,30-Mar-2026
27000,30-03-2026,NIFTY,OPTIDXNIFTY30-03-2026CE27000.00,41603.153846153844,-1271.923076923077,-2.9665791135606843,19202,34.57,2.05,-0.25,73970,76245,2.05,845,2.2,195,23002.15,,-10.869565217391305,CE,30-Mar-2026
27000,30-03-2026,NIFTY,OPTIDXNIFTY30-03-2026PE27000.00,21752.923076923078,-222.23076923076923,-1.0112819722973847,1688,0.0,3860.0,663.2,6955,6435,3838.0,325,3861.3,130,23002.15,,20.745745745745747,PE,30-Mar-2026
27050,30-03-2026,NIFTY,OPTIDXNIFTY30-03-2026CE27050.00,408.0,-16.0,-3.7735849056603774,85,36.21,2.85,0.6,37440,17810,2.0,130,3.65,1755,23002.15,,26.666666666666668,CE,30-Mar-2026
27050,30-03-2026,NIFTY,OPTIDXNIFTY30-03-2026PE27050.00,15.0,0.0,0.0,0,0.0,3591.35,3.8,5915,4420,3786.65,780,4182.25,780,23002.15,,0.105921868684757,PE,30-Mar-2026
27100,30-03-2026,NIFTY,OPTIDXNIFTY30-03-2026CE27100.00,4023.0,129.0,3.312788906009245,644,36.51,2.8,0.7,24635,20930,1.8,1300,2.15,130,23002.15,,33.333333333333336,CE,30-Mar-2026
27100,30-03-2026,NIFTY,OPTIDXNIFTY30-03-2026PE27100.00,37.0,-1.0,-2.6315789473684212,4,0.0,3966.45,718.45,5655,3965,3922.0,65,4046.0,65,23002.15,,22.119766009852217,PE,30-Mar-2026
27150,30-03-2026,NIFTY,OPTIDXNIFTY30-03-2026CE27150.00,295.0,-1.0,-0.33783783783783783,62,36.95,2.85,0.8,35360,20930,1.65,1755,2.85,520,23002.15,,39.02439024390244,CE,30-Mar-2026
27150,30-03-2026,NIFTY,OPTIDXNIFTY30-03-2026PE27150.00,41.0,0.0,0.0,0,0.0,3654.6,0.0,5915,5850,3880.7,780,4284.85,1105,23002.15,,0.0,PE,30-Mar-2026
27200,30-03-2026,NIFTY,OPTIDXNIFTY30-03-2026CE27200.00,5476.0,-5.0,-0.09122422915526364,338,35.91,2.0,-0.15,34645,22100,1.7,1300,2.7,390,23002.15,,-6.976744186046512,CE,30-Mar-2026
27200,30-03-2026,NIFTY,OPTIDXNIFTY30-03-2026PE27200.00,253.0,-3.0,-1.171875,4,0.0,4079.95,674.15,5460,4030,3959.75,130,4077.7,195,23002.15,,19.794174643255623,PE,30-Mar-2026
27250,30-03-2026,NIFTY,OPTIDXNIFTY30-03-2026CE27250.00,496.0,5.0,1.0183299389002036,71,36.07,1.9,-0.05,26325,21840,1.65,2340,3.3,1755,23002.15,,-2.5641025641025643,CE,30-Mar-2026
27250,30-03-2026,NIFTY,OPTIDXNIFTY30-03-2026PE27250.00,8.0,0.0,0.0,0,0.0,3755.95,8.45,5915,6045,3934.8,780,4411.3,910,23002.15,,0.22548365577051369,PE,30-Mar-2026
27300,30-03-2026,NIFTY,OPTIDXNIFTY30-03-2026CE27300.00,4560.0,-47.0,-1.0201866724549598,129,37.9,2.75,1.0,23010,20475,1.7,325,2.75,130,23002.15,,57.142857142857146,CE,30-Mar-2026
27300,30-03-2026,NIFTY,OPTIDXNIFTY30-03-2026PE27300.00,171.0,-2.0,-1.1560693641618498,2,0.0,4100.0,491.35,5005,5135,3955.1,65,4427.45,1690,23002.15,,13.615895140842143,PE,30-Mar-2026
27350,30-03-2026,NIFTY,OPTIDXNIFTY30-03-2026CE27350.00,388.0,0.0,0.0,0,0.0,1.85,0.0,108030,21060,1.55,1755,2.9,650,23002.15,,0.0,CE,30-Mar-2026
27350,30-03-2026,NIFTY,OPTIDXNIFTY30-03-2026PE27350.00,8.0,0.0,0.0,0,0.0,3899.55,5.0,5915,4485,4073.5,780,4505.05,780,23002.15,,0.1283845373663196,PE,30-Mar-2026
27400,30-03-2026,NIFTY,OPTIDXNIFTY30-03-2026CE27400.00,2520.0,14.0,0.5586592178770949,172,38.05,2.4,0.8,22490,22490,1.55,1690,2.4,2600,23002.15,,50.0,CE,30-Mar-2026
27400,30-03-2026,NIFTY,OPTIDXNIFTY30-03-2026PE27400.00,83.0,-12.0,-12.631578947368421,12,0.0,4185.0,635.0,4160,5135,4091.4,780,4520.75,1690,23002.15,,17.887323943661972,PE,30-Mar-2026
27450,30-03-2026,NIFTY,OPTIDXNIFTY30-03-2026CE27450.00,580.0,19.0,3.3868092691622103,165,38.14,2.25,0.55,26650,24765,1.45,650,3.5,1755,23002.15,,32.35294117647059,CE,30-Mar-2026
27450,30-03-2026,NIFTY,OPTIDXNIFTY30-03-2026PE27450.00,7.0,0.0,0.0,0,0.0,3503.7,5.7,5915,5915,4166.05,780,4793.85,780,23002.15,,0.16295025728987994,PE,30-Mar-2026
27500,30-03-2026,NIFTY,OPTIDXNIFTY30-03-2026CE27500.00,16183.0,-189.0,-1.1544099682384559,8126,36.54,1.35,-0.05,89245,65130,1.35,520,1.4,4940,23002.15,,-3.5714285714285716,CE,30-Mar-2026
27500,30-03-2026,NIFTY,OPTIDXNIFTY30-03-2026PE27500.00,5909.0,-149.0,-2.459557609772202,257,0.0,4356.05,671.2,5915,5980,4333.3,65,4368.15,65,23002.15,,18.21512408917595,PE,30-Mar-2026
27550,30-03-2026,NIFTY,OPTIDXNIFTY30-03-2026CE27550.00,710.0,-63.0,-8.15006468305304,92,37.39,1.55,0.15,20540,18070,1.15,1690,1.55,130,23002.15,,10.714285714285714,CE,30-Mar-2026
27550,30-03-2026,NIFTY,OPTIDXNIFTY30-03-2026PE27550.00,9.0,0.0,0.0,0,0.0,3603.25,4.75,5915,5915,4262.4,780,4908.4,780,23002.15,,0.13199944421286647,PE,30-Mar-2026
27600,30-03-2026,NIFTY,OPTIDXNIFTY30-03-2026CE27600.00,1098.0,-122.0,-10.0,350,37.08,1.3,-0.05,20930,29835,1.25,65,1.65,6045,23002.15,,-3.7037037037037037,CE,30-Mar-2026
27600,30-03-2026,NIFTY,OPTIDXNIFTY30-03-2026PE27600.00,46.0,0.0,0.0,0,0.0,4350.0,0.0,5915,4485,4321.85,780,4784.75,780,23002.15,,0.0,PE,30-Mar-2026
27650,30-03-2026,NIFTY,OPTIDXNIFTY30-03-2026CE27650.00,694.0,0.0,0.0,9,38.54,1.75,0.45,32695,20800,1.2,1755,1.75,3510,23002.15,,34.61538461538461,CE,30-Mar-2026
27650,30-03-2026,NIFTY,OPTIDXNIFTY30-03-2026PE27650.00,9.0,0.0,0.0,0,0.0,3950.0,0.0,5915,5915,4351.3,780,4819.5,780,23002.15,,0.0,PE,30-Mar-2026
27700,30-03-2026,NIFTY,OPTIDXNIFTY30-03-2026CE27700.00,1667.0,-32.0,-1.883460859329017,188,37.61,1.25,-0.15,30745,28990,1.25,1105,1.6,1300,23002.15,,-10.714285714285714,CE,30-Mar-2026
27700,30-03-2026,NIFTY,OPTIDXNIFTY30-03-2026PE27700.00,113.0,-2.0,-1.7391304347826086,2,0.0,4466.0,521.0,5915,5135,4473.8,780,5004.25,1690,23002.15,,13.20659062103929,PE,30-Mar-2026
27750,30-03-2026,NIFTY,OPTIDXNIFTY30-03-2026CE27750.00,471.0,-21.0,-4.2682926829268295,146,37.64,1.15,-0.4,75075,28925,1.15,2600,1.55,5980,23002.15,,-25.806451612903224,CE,30-Mar-2026
27750,30-03-2026,NIFTY,OPTIDXNIFTY30-03-2026PE27750.00,6.0,0.0,0.0,0,0.0,3801.55,4.75,5915,5915,4452.25,780,4888.9,780,23002.15,,0.1251053518752634,PE,30-Mar-2026
27800,30-03-2026,NIFTY,OPTIDXNIFTY30-03-2026CE27800.00,2388.0,-11.0,-0.45852438516048355,365,37.81,1.1,-0.15,16185,53950,1.1,650,1.45,195,23002.15,,-12.0,CE,30-Mar-2026
27800,30-03-2026,NIFTY,OPTIDXNIFTY30-03-2026PE27800.00,26.0,0.0,0.0,0,0.0,4020.0,0.0,5915,5915,4581.1,780,5042.6,780,23002.15,,0.0,PE,30-Mar-2026
27850,30-03-2026,NIFTY,OPTIDXNIFTY30-03-2026CE27850.00,293.0,-15.0,-4.87012987012987,38,39.66,1.65,0.25,20215,30160,1.2,65,1.65,1560,23002.15,,17.857142857142858,CE,30-Mar-2026
27850,30-03-2026,NIFTY,OPTIDXNIFTY30-03-2026PE27850.00,7.0,0.0,0.0,0,0.0,3900.75,4.75,4225,5915,4354.25,65,4884.8,780,23002.15,,0.12191991786447638,PE,30-Mar-2026
27900,30-03-2026,NIFTY,OPTIDXNIFTY30-03-2026CE27900.00,1397.0,-96.0,-6.430006697923644,545,38.93,1.25,-0.05,23595,46410,1.05,1365,1.25,325,23002.15,,-3.8461538461538463,CE,30-Mar-2026
27900,30-03-2026,NIFTY,OPTIDXNIFTY30-03-2026PE27900.00,42.0,0.0,0.0,0,0.0,4800.0,0.0,5915,5915,4602.35,780,5089.9,780,23002.15,,0.0,PE,30-Mar-2026
27950,30-03-2026,NIFTY,OPTIDXNIFTY30-03-2026CE27950.00,314.0,-98.0,-23.78640776699029,178,40.09,1.55,0.35,25415,31395,1.3,3055,1.55,5785,23002.15,,29.166666666666668,CE,30-Mar-2026
27950,30-03-2026,NIFTY,OPTIDXNIFTY30-03-2026PE27950.00,8.0,0.0,0.0,0,0.0,4385.6,268.95,4225,5915,4657.45,780,5157.8,2535,23002.15,,6.53322483086976,PE,30-Mar-2026
28000,30-03-2026,NIFTY,OPTIDXNIFTY30-03-2026CE28000.00,22537.846153846152,-1779.3846153846155,-7.31738178689375,8015,38.94,1.05,-0.25,210990,81185,1.05,7475,1.1,2665,23002.15,,-19.23076923076923,CE,30-Mar-2026
28000,30-03-2026,NIFTY,OPTIDXNIFTY30-03-2026PE28000.00,12761.461538461539,-164.6153846153846,-1.2735138866572642,435,0.0,4873.6,671.3,7670,3965,4839.8,65,4870.2,65,23002.15,,15.974585346119982,PE,30-Mar-2026
28050,30-03-2026,NIFTY,OPTIDXNIFTY30-03-2026CE28050.00,431.0,56.0,14.933333333333334,124,40.21,1.35,0.25,21320,27885,1.1,845,1.35,6045,23002.15,,22.727272727272727,CE,30-Mar-2026
28050,30-03-2026,NIFTY,OPTIDXNIFTY30-03-2026PE28050.00,5.0,0.0,0.0,0,0.0,4492.9,274.6,4225,5915,4729.65,780,5262.1,780,23002.15,,6.509731408387265,PE,30-Mar-2026
28100,30-03-2026,NIFTY,OPTIDXNIFTY30-03-2026CE28100.00,2244.0,-6.0,-0.26666666666666666,528,39.41,1.0,-0.2,26585,61555,1.0,455,1.1,130,23002.15,,-16.666666666666668,CE,30-Mar-2026
28100,30-03-2026,NIFTY,OPTIDXNIFTY30-03-2026PE28100.00,126.0,0.0,0.0,0,0.0,4366.15,0.0,5980,5915,4781.3,780,5229.7,780,23002.15,,0.0,PE,30-Mar-2026
29000,30-03-2026,NIFTY,OPTIDXNIFTY30-03-2026CE29000.00,10641.384615384615,-440.6923076923077,-3.976621988380406,1110,44.39,0.85,-0.15,39845,53235,0.85,455,0.9,3510,23002.15,,-15.0,CE,30-Mar-2026
29000,30-03-2026,NIFTY,OPTIDXNIFTY30-03-2026PE29000.00,5762.615384615385,-260.53846153846155,-4.325615253955888,511,0.0,5850.0,658.95,5720,4550,5840.0,65,5882.85,195,23002.15,,12.693963648972751,PE,30-Mar-2026
30000,30-03-2026,NIFTY,OPTIDXNIFTY30-03-2026CE30000.00,7534.461538461538,19.0,0.25281215135976093,1812,49.47,0.7,-0.25,92820,77675,0.7,7995,0.8,65,23002.15,,-26.31578947368421,CE,30-Mar-2026
30000,30-03-2026,NIFTY,OPTIDXNIFTY30-03-2026PE30000.00,6486.538461538462,-556.0,-7.8948805609865325,654,0.0,6882.55,686.8,5785,3965,6833.8,65,6877.2,195,23002.15,,11.085017955856838,PE,30-Mar-2026
31000,30-03-2026,NIFTY,OPTIDXNIFTY30-03-2026CE31000.00,4372.692307692308,199.0,4.767960485089756,555,55.65,0.8,0.1,86840,43355,0.65,7605,0.8,3055,23002.15,,14.285714285714286,CE,30-Mar-2026
31000,30-03-2026,NIFTY,OPTIDXNIFTY30-03-2026PE31000.00,2739.5384615384614,-7.0,-0.25486626522895955,15,0.0,7840.0,643.9,3965,4030,7804.3,65,7861.95,65,23002.15,,8.947902335987548,PE,30-Mar-2026
