date,category,buyValue,sellValue,netValue
2020-01-01,FII_PROXY,0.0,-0.0,0.0
2020-01-02,FII_PROXY,264.57,0.0,264.57
2020-01-03,FII_PROXY,261.07,0.0,261.07
2020-01-06,FII_PROXY,132.15,0.0,132.15
2020-01-07,FII_PROXY,216.47,0.0,216.47
2020-01-08,FII_PROXY,288.0,0.0,288.0
2020-01-09,FII_PROXY,177.46,0.0,177.46
2020-01-10,FII_PROXY,226.6,0.0,226.6
2020-01-13,FII_PROXY,271.06,0.0,271.06
2020-01-14,FII_PROXY,256.51,0.0,256.51
2020-01-15,FII_PROXY,203.68,0.0,203.68
2020-01-16,FII_PROXY,171.47,0.0,171.47
2020-01-17,FII_PROXY,246.13,0.0,246.13
2020-01-20,FII_PROXY,0.0,-0.0,0.0
2020-01-21,FII_PROXY,353.52,0.0,353.52
2020-01-22,FII_PROXY,192.42,0.0,192.42
2020-01-23,FII_PROXY,293.38,0.0,293.38
2020-01-24,FII_PROXY,290.83,0.0,290.83
2020-01-27,FII_PROXY,409.59,0.0,409.59
2020-01-28,FII_PROXY,263.15,0.0,263.15
2020-01-29,FII_PROXY,166.28,0.0,166.28
2020-01-30,FII_PROXY,334.68,0.0,334.68
2020-01-31,FII_PROXY,308.29,0.0,308.29
2020-02-03,FII_PROXY,223.34,0.0,223.34
2020-02-04,FII_PROXY,237.56,0.0,237.56
2020-02-05,FII_PROXY,240.25,0.0,240.25
2020-02-06,FII_PROXY,259.12,0.0,259.12
2020-02-07,FII_PROXY,186.41,0.0,186.41
2020-02-10,FII_PROXY,145.44,0.0,145.44
2020-02-11,FII_PROXY,190.74,0.0,190.74
2020-02-12,FII_PROXY,137.13,0.0,137.13
2020-02-13,FII_PROXY,210.44,0.0,210.44
2020-02-14,FII_PROXY,146.61,0.0,146.61
2020-02-17,FII_PROXY,0.0,-0.0,0.0
2020-02-18,FII_PROXY,129.76,0.0,129.76
2020-02-19,FII_PROXY,148.52,0.0,148.52
2020-02-20,FII_PROXY,350.09,0.0,350.09
2020-02-21,FII_PROXY,224.65,0.0,224.65
2020-02-24,FII_PROXY,311.12,0.0,311.12
2020-02-25,FII_PROXY,360.63,0.0,360.63
2020-02-26,FII_PROXY,335.35,0.0,335.35
2020-02-27,FII_PROXY,451.9,0.0,451.9
2020-02-28,FII_PROXY,599.63,0.0,599.63
2020-03-02,FII_PROXY,411.56,0.0,411.56
2020-03-03,FII_PROXY,428.88,0.0,428.88
2020-03-04,FII_PROXY,246.46,0.0,246.46
2020-03-05,FII_PROXY,323.88,0.0,323.88
2020-03-06,FII_PROXY,307.0,0.0,307.0
2020-03-09,FII_PROXY,394.31,0.0,394.31
2020-03-10,FII_PROXY,412.61,0.0,412.61
2020-03-11,FII_PROXY,379.67,0.0,379.67
2020-03-12,FII_PROXY,424.84,0.0,424.84
2020-03-13,FII_PROXY,340.98,0.0,340.98
2020-03-16,FII_PROXY,236.27,0.0,236.27
2020-03-17,FII_PROXY,229.57,0.0,229.57
2020-03-18,FII_PROXY,229.79,0.0,229.79
2020-03-19,FII_PROXY,157.81,0.0,157.81
2020-03-20,FII_PROXY,231.34,0.0,231.34
2020-03-23,FII_PROXY,220.27,0.0,220.27
2020-03-24,FII_PROXY,204.43,0.0,204.43
2020-03-25,FII_PROXY,199.45,0.0,199.45
2020-03-26,FII_PROXY,234.06,0.0,234.06
2020-03-27,FII_PROXY,181.78,0.0,181.78
2020-03-30,FII_PROXY,118.55,0.0,118.55
2020-03-31,FII_PROXY,161.0,0.0,161.0
2020-04-01,FII_PROXY,157.59,0.0,157.59
2020-04-02,FII_PROXY,138.56,0.0,138.56
2020-04-03,FII_PROXY,167.34,0.0,167.34
2020-04-06,FII_PROXY,211.75,0.0,211.75
2020-04-07,FII_PROXY,191.99,0.0,191.99
2020-04-08,FII_PROXY,122.95,0.0,122.95
2020-04-09,FII_PROXY,174.83,0.0,174.83
2020-04-13,FII_PROXY,99.45,0.0,99.45
2020-04-14,FII_PROXY,140.67,0.0,140.67
2020-04-15,FII_PROXY,157.71,0.0,157.71
2020-04-16,FII_PROXY,97.09,0.0,97.09
2020-04-17,FII_PROXY,109.0,0.0,109.0
2020-04-20,FII_PROXY,116.92,0.0,116.92
2020-04-21,FII_PROXY,118.21,0.0,118.21
2020-04-22,FII_PROXY,98.52,0.0,98.52
2020-04-23,FII_PROXY,106.75,0.0,106.75
2020-04-24,FII_PROXY,79.96,0.0,79.96
2020-04-27,FII_PROXY,81.75,0.0,81.75
2020-04-28,FII_PROXY,92.2,0.0,92.2
2020-04-29,FII_PROXY,125.22,0.0,125.22
2020-04-30,FII_PROXY,159.5,0.0,159.5
2020-05-01,FII_PROXY,147.64,0.0,147.64
2020-05-04,FII_PROXY,97.25,0.0,97.25
2020-05-05,FII_PROXY,110.3,0.0,110.3
2020-05-06,FII_PROXY,96.31,0.0,96.31
2020-05-07,FII_PROXY,97.88,0.0,97.88
2020-05-08,FII_PROXY,164.25,0.0,164.25
2020-05-11,FII_PROXY,83.6,0.0,83.6
2020-05-12,FII_PROXY,133.13,0.0,133.13
2020-05-13,FII_PROXY,147.22,0.0,147.22
2020-05-14,FII_PROXY,157.55,0.0,157.55
2020-05-15,FII_PROXY,107.07,0.0,107.07
2020-05-18,FII_PROXY,130.77,0.0,130.77
2020-05-19,FII_PROXY,98.76,0.0,98.76
2020-05-20,FII_PROXY,119.41,0.0,119.41
2020-05-21,FII_PROXY,117.23,0.0,117.23
2020-05-22,FII_PROXY,126.89,0.0,126.89
2020-05-26,FII_PROXY,149.27,0.0,149.27
2020-05-27,FII_PROXY,129.62,0.0,129.62
2020-05-28,FII_PROXY,145.65,0.0,145.65
2020-05-29,FII_PROXY,176.55,0.0,176.55
2020-06-01,FII_PROXY,140.14,0.0,140.14
2020-06-02,FII_PROXY,157.0,0.0,157.0
2020-06-03,FII_PROXY,180.76,0.0,180.76
2020-06-04,FII_PROXY,149.47,0.0,149.47
2020-06-05,FII_PROXY,157.92,0.0,157.92
2020-06-08,FII_PROXY,120.45,0.0,120.45
2020-06-09,FII_PROXY,133.51,0.0,133.51
2020-06-10,FII_PROXY,245.93,0.0,245.93
2020-06-11,FII_PROXY,262.09,0.0,262.09
2020-06-12,FII_PROXY,216.37,0.0,216.37
2020-06-15,FII_PROXY,223.38,0.0,223.38
2020-06-16,FII_PROXY,232.9,0.0,232.9
2020-06-17,FII_PROXY,181.5,0.0,181.5
2020-06-18,FII_PROXY,142.18,0.0,142.18
2020-06-19,FII_PROXY,213.85,0.0,213.85
2020-06-22,FII_PROXY,116.67,0.0,116.67
2020-06-23,FII_PROXY,99.6,0.0,99.6
2020-06-24,FII_PROXY,152.35,0.0,152.35
2020-06-25,FII_PROXY,144.17,0.0,144.17
2020-06-26,FII_PROXY,159.27,0.0,159.27
2020-06-29,FII_PROXY,103.03,0.0,103.03
2020-06-30,FII_PROXY,200.13,0.0,200.13
2020-07-01,FII_PROXY,154.87,0.0,154.87
2020-07-02,FII_PROXY,129.25,0.0,129.25
2020-07-03,FII_PROXY,0.0,-0.0,0.0
2020-07-06,FII_PROXY,220.73,0.0,220.73
2020-07-07,FII_PROXY,106.71,0.0,106.71
2020-07-08,FII_PROXY,136.12,0.0,136.12
2020-07-09,FII_PROXY,209.12,0.0,209.12
2020-07-10,FII_PROXY,144.89,0.0,144.89
2020-07-13,FII_PROXY,149.47,0.0,149.47
2020-07-14,FII_PROXY,179.87,0.0,179.87
2020-07-15,FII_PROXY,154.18,0.0,154.18
2020-07-16,FII_PROXY,114.88,0.0,114.88
2020-07-17,FII_PROXY,129.46,0.0,129.46
2020-07-20,FII_PROXY,74.74,0.0,74.74
2020-07-21,FII_PROXY,143.68,0.0,143.68
2020-07-22,FII_PROXY,100.58,0.0,100.58
2020-07-23,FII_PROXY,125.36,0.0,125.36
2020-07-24,FII_PROXY,96.34,0.0,96.34
2020-07-27,FII_PROXY,126.77,0.0,126.77
2020-07-28,FII_PROXY,100.35,0.0,100.35
2020-07-29,FII_PROXY,123.57,0.0,123.57
2020-07-30,FII_PROXY,154.47,0.0,154.47
2020-07-31,FII_PROXY,200.03,0.0,200.03
2020-08-03,FII_PROXY,98.69,0.0,98.69
2020-08-04,FII_PROXY,132.66,0.0,132.66
2020-08-05,FII_PROXY,121.45,0.0,121.45
2020-08-06,FII_PROXY,111.08,0.0,111.08
2020-08-07,FII_PROXY,116.06,0.0,116.06
2020-08-10,FII_PROXY,87.73,0.0,87.73
2020-08-11,FII_PROXY,110.86,0.0,110.86
2020-08-12,FII_PROXY,101.09,0.0,101.09
2020-08-13,FII_PROXY,86.92,0.0,86.92
2020-08-14,FII_PROXY,80.49,0.0,80.49
2020-08-17,FII_PROXY,87.57,0.0,87.57
2020-08-18,FII_PROXY,114.1,0.0,114.1
2020-08-19,FII_PROXY,92.84,0.0,92.84
2020-08-20,FII_PROXY,125.17,0.0,125.17
2020-08-21,FII_PROXY,113.53,0.0,113.53
2020-08-24,FII_PROXY,88.02,0.0,88.02
2020-08-25,FII_PROXY,92.36,0.0,92.36
2020-08-26,FII_PROXY,105.54,0.0,105.54
2020-08-27,FII_PROXY,106.26,0.0,106.26
2020-08-28,FII_PROXY,81.39,0.0,81.39
2020-08-31,FII_PROXY,173.95,0.0,173.95
2020-09-01,FII_PROXY,114.66,0.0,114.66
2020-09-02,FII_PROXY,169.26,0.0,169.26
2020-09-03,FII_PROXY,270.29,0.0,270.29
2020-09-04,FII_PROXY,204.31,0.0,204.31
2020-09-07,FII_PROXY,0.0,-0.0,0.0
2020-09-08,FII_PROXY,161.33,0.0,161.33
2020-09-09,FII_PROXY,160.33,0.0,160.33
2020-09-10,FII_PROXY,174.71,0.0,174.71
2020-09-11,FII_PROXY,160.55,0.0,160.55
2020-09-14,FII_PROXY,128.44,0.0,128.44
2020-09-15,FII_PROXY,101.92,0.0,101.92
2020-09-16,FII_PROXY,127.25,0.0,127.25
2020-09-17,FII_PROXY,126.91,0.0,126.91
2020-09-18,FII_PROXY,112.87,0.0,112.87
2020-09-21,FII_PROXY,140.0,0.0,140.0
2020-09-22,FII_PROXY,145.37,0.0,145.37
2020-09-23,FII_PROXY,130.21,0.0,130.21
2020-09-24,FII_PROXY,147.56,0.0,147.56
2020-09-25,FII_PROXY,140.3,0.0,140.3
2020-09-28,FII_PROXY,146.25,0.0,146.25
2020-09-29,FII_PROXY,81.32,0.0,81.32
2020-09-30,FII_PROXY,158.77,0.0,158.77
2020-10-01,FII_PROXY,169.62,0.0,169.62
2020-10-02,FII_PROXY,106.25,0.0,106.25
2020-10-05,FII_PROXY,118.93,0.0,118.93
2020-10-06,FII_PROXY,143.61,0.0,143.61
2020-10-07,FII_PROXY,152.62,0.0,152.62
2020-10-08,FII_PROXY,99.92,0.0,99.92
2020-10-09,FII_PROXY,108.16,0.0,108.16
2020-10-12,FII_PROXY,136.93,0.0,136.93
2020-10-13,FII_PROXY,121.21,0.0,121.21
2020-10-14,FII_PROXY,143.11,0.0,143.11
2020-10-15,FII_PROXY,138.11,0.0,138.11
2020-10-16,FII_PROXY,106.55,0.0,106.55
2020-10-19,FII_PROXY,103.75,0.0,103.75
2020-10-20,FII_PROXY,175.44,0.0,175.44
2020-10-21,FII_PROXY,146.22,0.0,146.22
2020-10-22,FII_PROXY,142.69,0.0,142.69
2020-10-23,FII_PROXY,126.56,0.0,126.56
2020-10-26,FII_PROXY,181.21,0.0,181.21
2020-10-27,FII_PROXY,142.1,0.0,142.1
2020-10-28,FII_PROXY,222.07,0.0,222.07
2020-10-29,FII_PROXY,149.75,0.0,149.75
2020-10-30,FII_PROXY,218.82,0.0,218.82
2020-11-02,FII_PROXY,170.85,0.0,170.85
2020-11-03,FII_PROXY,167.37,0.0,167.37
2020-11-04,FII_PROXY,281.49,0.0,281.49
2020-11-05,FII_PROXY,275.41,0.0,275.41
2020-11-06,FII_PROXY,203.37,0.0,203.37
2020-11-09,FII_PROXY,267.38,0.0,267.38
2020-11-10,FII_PROXY,242.61,0.0,242.61
2020-11-11,FII_PROXY,164.38,0.0,164.38
2020-11-12,FII_PROXY,145.6,0.0,145.6
2020-11-13,FII_PROXY,172.14,0.0,172.14
2020-11-16,FII_PROXY,230.1,0.0,230.1
2020-11-17,FII_PROXY,125.34,0.0,125.34
2020-11-18,FII_PROXY,116.55,0.0,116.55
2020-11-19,FII_PROXY,99.35,0.0,99.35
2020-11-20,FII_PROXY,127.97,0.0,127.97
2020-11-23,FII_PROXY,141.85,0.0,141.85
2020-11-24,FII_PROXY,144.85,0.0,144.85
2020-11-25,FII_PROXY,173.67,0.0,173.67
2020-11-26,FII_PROXY,0.0,-0.0,0.0
2020-11-27,FII_PROXY,100.1,0.0,100.1
2020-11-30,FII_PROXY,218.55,0.0,218.55
2020-12-01,FII_PROXY,185.19,0.0,185.19
2020-12-02,FII_PROXY,157.66,0.0,157.66
2020-12-03,FII_PROXY,228.65,0.0,228.65
2020-12-04,FII_PROXY,158.87,0.0,158.87
2020-12-07,FII_PROXY,162.2,0.0,162.2
2020-12-08,FII_PROXY,107.76,0.0,107.76
2020-12-09,FII_PROXY,152.08,0.0,152.08
2020-12-10,FII_PROXY,136.16,0.0,136.16
2020-12-11,FII_PROXY,142.72,0.0,142.72
2020-12-14,FII_PROXY,128.44,0.0,128.44
2020-12-15,FII_PROXY,148.46,0.0,148.46
2020-12-16,FII_PROXY,144.98,0.0,144.98
2020-12-17,FII_PROXY,138.6,0.0,138.6
2020-12-18,FII_PROXY,181.66,0.0,181.66
2020-12-21,FII_PROXY,182.35,0.0,182.35
2020-12-22,FII_PROXY,131.24,0.0,131.24
2020-12-23,FII_PROXY,137.25,0.0,137.25
2020-12-24,FII_PROXY,77.52,0.0,77.52
2020-12-28,FII_PROXY,101.1,0.0,101.1
2020-12-29,FII_PROXY,160.04,0.0,160.04
2020-12-30,FII_PROXY,138.19,0.0,138.19
2020-12-31,FII_PROXY,137.8,0.0,137.8
2021-01-01,FII_PROXY,0.0,-0.0,0.0
2021-01-04,FII_PROXY,187.35,0.0,187.35
2021-01-05,FII_PROXY,212.38,0.0,212.38
2021-01-06,FII_PROXY,222.66,0.0,222.66
2021-01-07,FII_PROXY,163.47,0.0,163.47
2021-01-08,FII_PROXY,310.89,0.0,310.89
2021-01-11,FII_PROXY,164.65,0.0,164.65
2021-01-12,FII_PROXY,193.79,0.0,193.79
2021-01-13,FII_PROXY,137.02,0.0,137.02
2021-01-14,FII_PROXY,160.04,0.0,160.04
2021-01-15,FII_PROXY,237.73,0.0,237.73
2021-01-18,FII_PROXY,0.0,-0.0,0.0
2021-01-19,FII_PROXY,208.26,0.0,208.26
2021-01-20,FII_PROXY,163.18,0.0,163.18
2021-01-21,FII_PROXY,132.42,0.0,132.42
2021-01-22,FII_PROXY,201.24,0.0,201.24
2021-01-25,FII_PROXY,213.56,0.0,213.56
2021-01-26,FII_PROXY,134.74,0.0,134.74
2021-01-27,FII_PROXY,183.74,0.0,183.74
2021-01-28,FII_PROXY,155.51,0.0,155.51
2021-01-29,FII_PROXY,229.75,0.0,229.75
2021-02-01,FII_PROXY,210.46,0.0,210.46
2021-02-02,FII_PROXY,137.51,0.0,137.51
2021-02-03,FII_PROXY,134.84,0.0,134.84
2021-02-04,FII_PROXY,167.39,0.0,167.39
2021-02-05,FII_PROXY,101.91,0.0,101.91
2021-02-08,FII_PROXY,90.99,0.0,90.99
2021-02-09,FII_PROXY,115.76,0.0,115.76
2021-02-10,FII_PROXY,130.4,0.0,130.4
2021-02-11,FII_PROXY,210.97,0.0,210.97
2021-02-12,FII_PROXY,122.7,0.0,122.7
2021-02-15,FII_PROXY,0.0,-0.0,0.0
2021-02-16,FII_PROXY,151.38,0.0,151.38
2021-02-17,FII_PROXY,163.71,0.0,163.71
2021-02-18,FII_PROXY,197.04,0.0,197.04
2021-02-19,FII_PROXY,171.19,0.0,171.19
2021-02-22,FII_PROXY,195.85,0.0,195.85
2021-02-23,FII_PROXY,169.03,0.0,169.03
2021-02-24,FII_PROXY,152.59,0.0,152.59
2021-02-25,FII_PROXY,207.18,0.0,207.18
2021-02-26,FII_PROXY,276.84,0.0,276.84
2021-03-01,FII_PROXY,220.3,0.0,220.3
2021-03-02,FII_PROXY,157.35,0.0,157.35
2021-03-03,FII_PROXY,175.29,0.0,175.29
2021-03-04,FII_PROXY,281.22,0.0,281.22
2021-03-05,FII_PROXY,257.58,0.0,257.58
2021-03-08,FII_PROXY,211.89,0.0,211.89
2021-03-09,FII_PROXY,169.85,0.0,169.85
2021-03-10,FII_PROXY,170.7,0.0,170.7
2021-03-11,FII_PROXY,235.22,0.0,235.22
2021-03-12,FII_PROXY,167.71,0.0,167.71
2021-03-15,FII_PROXY,131.26,0.0,131.26
2021-03-16,FII_PROXY,167.62,0.0,167.62
2021-03-17,FII_PROXY,231.99,0.0,231.99
2021-03-18,FII_PROXY,196.48,0.0,196.48
2021-03-19,FII_PROXY,243.61,0.0,243.61
2021-03-22,FII_PROXY,100.19,0.0,100.19
2021-03-23,FII_PROXY,159.54,0.0,159.54
2021-03-24,FII_PROXY,175.05,0.0,175.05
2021-03-25,FII_PROXY,285.95,0.0,285.95
2021-03-26,FII_PROXY,567.01,0.0,567.01
2021-03-29,FII_PROXY,202.88,0.0,202.88
2021-03-30,FII_PROXY,176.18,0.0,176.18
2021-03-31,FII_PROXY,154.72,0.0,154.72
2021-04-01,FII_PROXY,179.52,0.0,179.52
2021-04-05,FII_PROXY,124.85,0.0,124.85
2021-04-06,FII_PROXY,128.05,0.0,128.05
2021-04-07,FII_PROXY,191.75,0.0,191.75
2021-04-08,FII_PROXY,203.36,0.0,203.36
2021-04-09,FII_PROXY,143.33,0.0,143.33
2021-04-12,FII_PROXY,119.54,0.0,119.54
2021-04-13,FII_PROXY,134.63,0.0,134.63
2021-04-14,FII_PROXY,110.22,0.0,110.22
2021-04-15,FII_PROXY,172.7,0.0,172.7
2021-04-16,FII_PROXY,130.13,0.0,130.13
2021-04-19,FII_PROXY,138.9,0.0,138.9
2021-04-20,FII_PROXY,111.34,0.0,111.34
2021-04-21,FII_PROXY,134.94,0.0,134.94
2021-04-22,FII_PROXY,158.8,0.0,158.8
2021-04-23,FII_PROXY,110.51,0.0,110.51
2021-04-26,FII_PROXY,109.6,0.0,109.6
2021-04-27,FII_PROXY,104.46,0.0,104.46
2021-04-28,FII_PROXY,153.9,0.0,153.9
2021-04-29,FII_PROXY,150.4,0.0,150.4
2021-04-30,FII_PROXY,186.81,0.0,186.81
2021-05-03,FII_PROXY,83.23,0.0,83.23
2021-05-04,FII_PROXY,154.12,0.0,154.12
2021-05-05,FII_PROXY,104.46,0.0,104.46
2021-05-06,FII_PROXY,119.17,0.0,119.17
2021-05-07,FII_PROXY,170.02,0.0,170.02
2021-05-10,FII_PROXY,163.34,0.0,163.34
2021-05-11,FII_PROXY,149.62,0.0,149.62
2021-05-12,FII_PROXY,208.78,0.0,208.78
2021-05-13,FII_PROXY,166.91,0.0,166.91
2021-05-14,FII_PROXY,159.75,0.0,159.75
2021-05-17,FII_PROXY,91.61,0.0,91.61
2021-05-18,FII_PROXY,129.85,0.0,129.85
2021-05-19,FII_PROXY,184.91,0.0,184.91
2021-05-20,FII_PROXY,133.7,0.0,133.7
2021-05-21,FII_PROXY,155.35,0.0,155.35
2021-05-24,FII_PROXY,89.85,0.0,89.85
2021-05-25,FII_PROXY,165.8,0.0,165.8
2021-05-26,FII_PROXY,109.95,0.0,109.95
2021-05-27,FII_PROXY,145.07,0.0,145.07
2021-05-28,FII_PROXY,179.35,0.0,179.35
2021-05-31,FII_PROXY,0.0,-0.0,0.0
2021-06-01,FII_PROXY,174.36,0.0,174.36
2021-06-02,FII_PROXY,102.85,0.0,102.85
2021-06-03,FII_PROXY,169.18,0.0,169.18
2021-06-04,FII_PROXY,121.53,0.0,121.53
2021-06-07,FII_PROXY,103.4,0.0,103.4
2021-06-08,FII_PROXY,157.94,0.0,157.94
2021-06-09,FII_PROXY,127.75,0.0,127.75
2021-06-10,FII_PROXY,119.0,0.0,119.0
2021-06-11,FII_PROXY,117.78,0.0,117.78
2021-06-14,FII_PROXY,109.97,0.0,109.97
2021-06-15,FII_PROXY,141.04,0.0,141.04
2021-06-16,FII_PROXY,179.96,0.0,179.96
2021-06-17,FII_PROXY,114.17,0.0,114.17
2021-06-18,FII_PROXY,172.8,0.0,172.8
2021-06-21,FII_PROXY,110.3,0.0,110.3
2021-06-22,FII_PROXY,145.95,0.0,145.95
2021-06-23,FII_PROXY,106.66,0.0,106.66
2021-06-24,FII_PROXY,83.04,0.0,83.04
2021-06-25,FII_PROXY,104.13,0.0,104.13
2021-06-28,FII_PROXY,94.44,0.0,94.44
2021-06-29,FII_PROXY,76.3,0.0,76.3
2021-06-30,FII_PROXY,137.55,0.0,137.55
2021-07-01,FII_PROXY,113.13,0.0,113.13
2021-07-02,FII_PROXY,99.89,0.0,99.89
2021-07-05,FII_PROXY,0.0,-0.0,0.0
2021-07-06,FII_PROXY,154.05,0.0,154.05
2021-07-07,FII_PROXY,103.53,0.0,103.53
2021-07-08,FII_PROXY,178.41,0.0,178.41
2021-07-09,FII_PROXY,116.02,0.0,116.02
2021-07-12,FII_PROXY,88.99,0.0,88.99
2021-07-13,FII_PROXY,116.9,0.0,116.9
2021-07-14,FII_PROXY,79.85,0.0,79.85
2021-07-15,FII_PROXY,135.06,0.0,135.06
2021-07-16,FII_PROXY,94.09,0.0,94.09
2021-07-19,FII_PROXY,133.45,0.0,133.45
2021-07-20,FII_PROXY,150.58,0.0,150.58
2021-07-21,FII_PROXY,96.26,0.0,96.26
2021-07-22,FII_PROXY,108.68,0.0,108.68
2021-07-23,FII_PROXY,123.03,0.0,123.03
2021-07-26,FII_PROXY,168.99,0.0,168.99
2021-07-27,FII_PROXY,279.02,0.0,279.02
2021-07-28,FII_PROXY,219.68,0.0,219.68
2021-07-29,FII_PROXY,169.51,0.0,169.51
2021-07-30,FII_PROXY,231.64,0.0,231.64
2021-08-02,FII_PROXY,156.98,0.0,156.98
2021-08-03,FII_PROXY,119.85,0.0,119.85
2021-08-04,FII_PROXY,128.34,0.0,128.34
2021-08-05,FII_PROXY,62.69,0.0,62.69
2021-08-06,FII_PROXY,140.57,0.0,140.57
2021-08-09,FII_PROXY,94.13,0.0,94.13
2021-08-10,FII_PROXY,59.63,0.0,59.63
2021-08-11,FII_PROXY,87.88,0.0,87.88
2021-08-12,FII_PROXY,100.16,0.0,100.16
2021-08-13,FII_PROXY,110.28,0.0,110.28
2021-08-16,FII_PROXY,177.88,0.0,177.88
2021-08-17,FII_PROXY,296.41,0.0,296.41
2021-08-18,FII_PROXY,162.68,0.0,162.68
2021-08-19,FII_PROXY,235.33,0.0,235.33
2021-08-20,FII_PROXY,166.04,0.0,166.04
2021-08-23,FII_PROXY,171.47,0.0,171.47
2021-08-24,FII_PROXY,197.89,0.0,197.89
2021-08-25,FII_PROXY,97.62,0.0,97.62
2021-08-26,FII_PROXY,111.06,0.0,111.06
2021-08-27,FII_PROXY,127.7,0.0,127.7
2021-08-30,FII_PROXY,71.88,0.0,71.88
2021-08-31,FII_PROXY,170.08,0.0,170.08
2021-09-01,FII_PROXY,143.38,0.0,143.38
2021-09-02,FII_PROXY,99.13,0.0,99.13
2021-09-03,FII_PROXY,84.99,0.0,84.99
2021-09-06,FII_PROXY,0.0,-0.0,0.0
2021-09-07,FII_PROXY,134.41,0.0,134.41
2021-09-08,FII_PROXY,211.06,0.0,211.06
2021-09-09,FII_PROXY,136.92,0.0,136.92
2021-09-10,FII_PROXY,158.92,0.0,158.92
2021-09-13,FII_PROXY,139.55,0.0,139.55
2021-09-14,FII_PROXY,141.03,0.0,141.03
2021-09-15,FII_PROXY,151.74,0.0,151.74
2021-09-16,FII_PROXY,169.33,0.0,169.33
2021-09-17,FII_PROXY,175.4,0.0,175.4
2021-09-20,FII_PROXY,198.15,0.0,198.15
2021-09-21,FII_PROXY,148.76,0.0,148.76
2021-09-22,FII_PROXY,176.81,0.0,176.81
2021-09-23,FII_PROXY,104.7,0.0,104.7
2021-09-24,FII_PROXY,113.39,0.0,113.39
2021-09-27,FII_PROXY,119.64,0.0,119.64
2021-09-28,FII_PROXY,167.24,0.0,167.24
2021-09-29,FII_PROXY,161.87,0.0,161.87
2021-09-30,FII_PROXY,251.36,0.0,251.36
2021-10-01,FII_PROXY,171.01,0.0,171.01
2021-10-04,FII_PROXY,162.31,0.0,162.31
2021-10-05,FII_PROXY,107.83,0.0,107.83
2021-10-06,FII_PROXY,214.24,0.0,214.24
2021-10-07,FII_PROXY,229.37,0.0,229.37
2021-10-08,FII_PROXY,95.34,0.0,95.34
2021-10-11,FII_PROXY,102.08,0.0,102.08
2021-10-12,FII_PROXY,111.03,0.0,111.03
2021-10-13,FII_PROXY,135.6,0.0,135.6
2021-10-14,FII_PROXY,92.39,0.0,92.39
2021-10-15,FII_PROXY,160.74,0.0,160.74
2021-10-18,FII_PROXY,102.06,0.0,102.06
2021-10-19,FII_PROXY,160.17,0.0,160.17
2021-10-20,FII_PROXY,108.53,0.0,108.53
2021-10-21,FII_PROXY,138.61,0.0,138.61
2021-10-22,FII_PROXY,200.15,0.0,200.15
2021-10-25,FII_PROXY,127.55,0.0,127.55
2021-10-26,FII_PROXY,125.78,0.0,125.78
2021-10-27,FII_PROXY,125.64,0.0,125.64
2021-10-28,FII_PROXY,106.14,0.0,106.14
2021-10-29,FII_PROXY,196.83,0.0,196.83
2021-11-01,FII_PROXY,120.2,0.0,120.2
2021-11-02,FII_PROXY,130.19,0.0,130.19
2021-11-03,FII_PROXY,189.32,0.0,189.32
2021-11-04,FII_PROXY,90.79,0.0,90.79
2021-11-05,FII_PROXY,91.63,0.0,91.63
2021-11-08,FII_PROXY,91.57,0.0,91.57
2021-11-09,FII_PROXY,109.46,0.0,109.46
2021-11-10,FII_PROXY,137.91,0.0,137.91
2021-11-11,FII_PROXY,216.61,0.0,216.61
2021-11-12,FII_PROXY,124.75,0.0,124.75
2021-11-15,FII_PROXY,123.0,0.0,123.0
2021-11-16,FII_PROXY,128.18,0.0,128.18
2021-11-17,FII_PROXY,87.61,0.0,87.61
2021-11-18,FII_PROXY,140.59,0.0,140.59
2021-11-19,FII_PROXY,141.35,0.0,141.35
2021-11-22,FII_PROXY,140.74,0.0,140.74
2021-11-23,FII_PROXY,146.37,0.0,146.37
2021-11-24,FII_PROXY,124.12,0.0,124.12
2021-11-25,FII_PROXY,0.0,-0.0,0.0
2021-11-26,FII_PROXY,212.14,0.0,212.14
2021-11-29,FII_PROXY,162.98,0.0,162.98
2021-11-30,FII_PROXY,299.37,0.0,299.37
2021-12-01,FII_PROXY,193.62,0.0,193.62
2021-12-02,FII_PROXY,275.55,0.0,275.55
2021-12-03,FII_PROXY,290.56,0.0,290.56
2021-12-06,FII_PROXY,203.08,0.0,203.08
2021-12-07,FII_PROXY,194.84,0.0,194.84
2021-12-08,FII_PROXY,144.1,0.0,144.1
2021-12-09,FII_PROXY,137.03,0.0,137.03
2021-12-10,FII_PROXY,157.95,0.0,157.95
2021-12-13,FII_PROXY,187.86,0.0,187.86
2021-12-14,FII_PROXY,155.14,0.0,155.14
2021-12-15,FII_PROXY,210.29,0.0,210.29
2021-12-16,FII_PROXY,222.61,0.0,222.61
2021-12-17,FII_PROXY,203.24,0.0,203.24
2021-12-20,FII_PROXY,144.83,0.0,144.83
2021-12-21,FII_PROXY,116.77,0.0,116.77
2021-12-22,FII_PROXY,101.98,0.0,101.98
2021-12-23,FII_PROXY,82.27,0.0,82.27
2021-12-24,FII_PROXY,0.0,-0.0,0.0
2021-12-27,FII_PROXY,100.66,0.0,100.66
2021-12-28,FII_PROXY,91.12,0.0,91.12
2021-12-29,FII_PROXY,103.31,0.0,103.31
2021-12-30,FII_PROXY,130.53,0.0,130.53
2021-12-31,FII_PROXY,113.29,0.0,113.29
2022-01-03,FII_PROXY,103.36,0.0,103.36
2022-01-04,FII_PROXY,91.82,0.0,91.82
2022-01-05,FII_PROXY,170.59,0.0,170.59
2022-01-06,FII_PROXY,126.57,0.0,126.57
2022-01-07,FII_PROXY,121.58,0.0,121.58
2022-01-10,FII_PROXY,162.34,0.0,162.34
2022-01-11,FII_PROXY,219.27,0.0,219.27
2022-01-12,FII_PROXY,218.89,0.0,218.89
2022-01-13,FII_PROXY,126.91,0.0,126.91
2022-01-14,FII_PROXY,155.17,0.0,155.17
2022-01-17,FII_PROXY,0.0,-0.0,0.0
2022-01-18,FII_PROXY,168.8,0.0,168.8
2022-01-19,FII_PROXY,165.7,0.0,165.7
2022-01-20,FII_PROXY,220.77,0.0,220.77
2022-01-21,FII_PROXY,222.78,0.0,222.78
2022-01-24,FII_PROXY,322.99,0.0,322.99
2022-01-25,FII_PROXY,201.34,0.0,201.34
2022-01-26,FII_PROXY,201.38,0.0,201.38
2022-01-27,FII_PROXY,218.94,0.0,218.94
2022-01-28,FII_PROXY,175.82,0.0,175.82
2022-01-31,FII_PROXY,244.16,0.0,244.16
2022-02-01,FII_PROXY,187.79,0.0,187.79
2022-02-02,FII_PROXY,131.3,0.0,131.3
2022-02-03,FII_PROXY,141.44,0.0,141.44
2022-02-04,FII_PROXY,135.85,0.0,135.85
2022-02-07,FII_PROXY,118.08,0.0,118.08
2022-02-08,FII_PROXY,95.49,0.0,95.49
2022-02-09,FII_PROXY,152.08,0.0,152.08
2022-02-10,FII_PROXY,208.96,0.0,208.96
2022-02-11,FII_PROXY,199.84,0.0,199.84
2022-02-14,FII_PROXY,219.1,0.0,219.1
2022-02-15,FII_PROXY,124.05,0.0,124.05
2022-02-16,FII_PROXY,179.19,0.0,179.19
2022-02-17,FII_PROXY,154.64,0.0,154.64
2022-02-18,FII_PROXY,153.35,0.0,153.35
2022-02-21,FII_PROXY,0.0,-0.0,0.0
2022-02-22,FII_PROXY,222.14,0.0,222.14
2022-02-23,FII_PROXY,140.59,0.0,140.59
2022-02-24,FII_PROXY,338.9,0.0,338.9
2022-02-25,FII_PROXY,212.44,0.0,212.44
2022-02-28,FII_PROXY,282.57,0.0,282.57
2022-03-01,FII_PROXY,253.99,0.0,253.99
2022-03-02,FII_PROXY,217.69,0.0,217.69
2022-03-03,FII_PROXY,199.55,0.0,199.55
2022-03-04,FII_PROXY,232.36,0.0,232.36
2022-03-07,FII_PROXY,253.79,0.0,253.79
2022-03-08,FII_PROXY,298.2,0.0,298.2
2022-03-09,FII_PROXY,202.02,0.0,202.02
2022-03-10,FII_PROXY,195.97,0.0,195.97
2022-03-11,FII_PROXY,236.27,0.0,236.27
2022-03-14,FII_PROXY,271.08,0.0,271.08
2022-03-15,FII_PROXY,272.53,0.0,272.53
2022-03-16,FII_PROXY,459.68,0.0,459.68
2022-03-17,FII_PROXY,275.11,0.0,275.11
2022-03-18,FII_PROXY,268.72,0.0,268.72
2022-03-21,FII_PROXY,199.25,0.0,199.25
2022-03-22,FII_PROXY,212.64,0.0,212.64
2022-03-23,FII_PROXY,264.95,0.0,264.95
2022-03-24,FII_PROXY,179.96,0.0,179.96
2022-03-25,FII_PROXY,134.87,0.0,134.87
2022-03-28,FII_PROXY,171.35,0.0,171.35
2022-03-29,FII_PROXY,189.44,0.0,189.44
2022-03-30,FII_PROXY,201.58,0.0,201.58
2022-03-31,FII_PROXY,256.1,0.0,256.1
2022-04-01,FII_PROXY,189.52,0.0,189.52
2022-04-04,FII_PROXY,171.03,0.0,171.03
2022-04-05,FII_PROXY,157.4,0.0,157.4
2022-04-06,FII_PROXY,196.09,0.0,196.09
2022-04-07,FII_PROXY,133.23,0.0,133.23
2022-04-08,FII_PROXY,141.25,0.0,141.25
2022-04-11,FII_PROXY,161.85,0.0,161.85
2022-04-12,FII_PROXY,140.91,0.0,140.91
2022-04-13,FII_PROXY,114.47,0.0,114.47
2022-04-14,FII_PROXY,131.14,0.0,131.14
2022-04-18,FII_PROXY,97.75,0.0,97.75
2022-04-19,FII_PROXY,133.89,0.0,133.89
2022-04-20,FII_PROXY,120.83,0.0,120.83
2022-04-21,FII_PROXY,146.14,0.0,146.14
2022-04-22,FII_PROXY,220.77,0.0,220.77
2022-04-25,FII_PROXY,216.82,0.0,216.82
2022-04-26,FII_PROXY,221.89,0.0,221.89
2022-04-27,FII_PROXY,195.36,0.0,195.36
2022-04-28,FII_PROXY,140.81,0.0,140.81
2022-04-29,FII_PROXY,199.24,0.0,199.24
2022-05-02,FII_PROXY,177.39,0.0,177.39
2022-05-03,FII_PROXY,148.08,0.0,148.08
2022-05-04,FII_PROXY,187.71,0.0,187.71
2022-05-05,FII_PROXY,200.05,0.0,200.05
2022-05-06,FII_PROXY,210.26,0.0,210.26
2022-05-09,FII_PROXY,252.13,0.0,252.13
2022-05-10,FII_PROXY,212.6,0.0,212.6
2022-05-11,FII_PROXY,227.22,0.0,227.22
2022-05-12,FII_PROXY,220.58,0.0,220.58
2022-05-13,FII_PROXY,151.76,0.0,151.76
2022-05-16,FII_PROXY,99.63,0.0,99.63
2022-05-17,FII_PROXY,155.88,0.0,155.88
2022-05-18,FII_PROXY,163.76,0.0,163.76
2022-05-19,FII_PROXY,172.19,0.0,172.19
2022-05-20,FII_PROXY,185.01,0.0,185.01
2022-05-23,FII_PROXY,115.65,0.0,115.65
2022-05-24,FII_PROXY,143.99,0.0,143.99
2022-05-25,FII_PROXY,118.07,0.0,118.07
2022-05-26,FII_PROXY,162.65,0.0,162.65
2022-05-27,FII_PROXY,100.16,0.0,100.16
2022-05-30,FII_PROXY,0.0,-0.0,0.0
2022-05-31,FII_PROXY,234.13,0.0,234.13
2022-06-01,FII_PROXY,130.63,0.0,130.63
2022-06-02,FII_PROXY,145.44,0.0,145.44
2022-06-03,FII_PROXY,126.98,0.0,126.98
2022-06-06,FII_PROXY,139.97,0.0,139.97
2022-06-07,FII_PROXY,187.05,0.0,187.05
2022-06-08,FII_PROXY,142.68,0.0,142.68
2022-06-09,FII_PROXY,169.74,0.0,169.74
2022-06-10,FII_PROXY,139.61,0.0,139.61
2022-06-13,FII_PROXY,206.3,0.0,206.3
2022-06-14,FII_PROXY,182.02,0.0,182.02
2022-06-15,FII_PROXY,211.7,0.0,211.7
2022-06-16,FII_PROXY,206.6,0.0,206.6
2022-06-17,FII_PROXY,194.0,0.0,194.0
2022-06-20,FII_PROXY,0.0,-0.0,0.0
2022-06-21,FII_PROXY,111.33,0.0,111.33
2022-06-22,FII_PROXY,125.75,0.0,125.75
2022-06-23,FII_PROXY,135.05,0.0,135.05
2022-06-24,FII_PROXY,128.61,0.0,128.61
2022-06-27,FII_PROXY,84.67,0.0,84.67
2022-06-28,FII_PROXY,96.65,0.0,96.65
2022-06-29,FII_PROXY,105.16,0.0,105.16
2022-06-30,FII_PROXY,160.94,0.0,160.94
2022-07-01,FII_PROXY,134.76,0.0,134.76
2022-07-04,FII_PROXY,0.0,-0.0,0.0
2022-07-05,FII_PROXY,150.24,0.0,150.24
2022-07-06,FII_PROXY,108.89,0.0,108.89
2022-07-07,FII_PROXY,175.06,0.0,175.06
2022-07-08,FII_PROXY,64.67,0.0,64.67
2022-07-11,FII_PROXY,157.95,0.0,157.95
2022-07-12,FII_PROXY,73.68,0.0,73.68
2022-07-13,FII_PROXY,117.51,0.0,117.51
2022-07-14,FII_PROXY,127.7,0.0,127.7
2022-07-15,FII_PROXY,131.99,0.0,131.99
2022-07-18,FII_PROXY,116.52,0.0,116.52
2022-07-19,FII_PROXY,100.28,0.0,100.28
2022-07-20,FII_PROXY,117.89,0.0,117.89
2022-07-21,FII_PROXY,112.64,0.0,112.64
2022-07-22,FII_PROXY,77.58,0.0,77.58
2022-07-25,FII_PROXY,65.82,0.0,65.82
2022-07-26,FII_PROXY,69.04,0.0,69.04
2022-07-27,FII_PROXY,115.75,0.0,115.75
2022-07-28,FII_PROXY,116.6,0.0,116.6
2022-07-29,FII_PROXY,165.96,0.0,165.96
2022-08-01,FII_PROXY,105.96,0.0,105.96
2022-08-02,FII_PROXY,124.26,0.0,124.26
2022-08-03,FII_PROXY,106.69,0.0,106.69
2022-08-04,FII_PROXY,97.99,0.0,97.99
2022-08-05,FII_PROXY,87.69,0.0,87.69
2022-08-08,FII_PROXY,120.46,0.0,120.46
2022-08-09,FII_PROXY,70.09,0.0,70.09
2022-08-10,FII_PROXY,84.03,0.0,84.03
2022-08-11,FII_PROXY,122.46,0.0,122.46
2022-08-12,FII_PROXY,78.47,0.0,78.47
2022-08-15,FII_PROXY,93.35,0.0,93.35
2022-08-16,FII_PROXY,65.62,0.0,65.62
2022-08-17,FII_PROXY,106.92,0.0,106.92
2022-08-18,FII_PROXY,95.14,0.0,95.14
2022-08-19,FII_PROXY,110.5,0.0,110.5
2022-08-22,FII_PROXY,81.85,0.0,81.85
2022-08-23,FII_PROXY,100.9,0.0,100.9
2022-08-24,FII_PROXY,71.96,0.0,71.96
2022-08-25,FII_PROXY,139.33,0.0,139.33
2022-08-26,FII_PROXY,126.29,0.0,126.29
2022-08-29,FII_PROXY,69.32,0.0,69.32
2022-08-30,FII_PROXY,104.18,0.0,104.18
2022-08-31,FII_PROXY,112.53,0.0,112.53
2022-09-01,FII_PROXY,115.28,0.0,115.28
2022-09-02,FII_PROXY,106.97,0.0,106.97
2022-09-05,FII_PROXY,0.0,-0.0,0.0
2022-09-06,FII_PROXY,147.41,0.0,147.41
2022-09-07,FII_PROXY,116.01,0.0,116.01
2022-09-08,FII_PROXY,163.63,0.0,163.63
2022-09-09,FII_PROXY,78.27,0.0,78.27
2022-09-12,FII_PROXY,127.09,0.0,127.09
2022-09-13,FII_PROXY,130.25,0.0,130.25
2022-09-14,FII_PROXY,110.03,0.0,110.03
2022-09-15,FII_PROXY,139.55,0.0,139.55
2022-09-16,FII_PROXY,194.91,0.0,194.91
2022-09-19,FII_PROXY,97.67,0.0,97.67
2022-09-20,FII_PROXY,107.08,0.0,107.08
2022-09-21,FII_PROXY,177.65,0.0,177.65
2022-09-22,FII_PROXY,119.02,0.0,119.02
2022-09-23,FII_PROXY,137.7,0.0,137.7
2022-09-26,FII_PROXY,144.76,0.0,144.76
2022-09-27,FII_PROXY,128.51,0.0,128.51
2022-09-28,FII_PROXY,137.43,0.0,137.43
2022-09-29,FII_PROXY,115.98,0.0,115.98
2022-09-30,FII_PROXY,134.22,0.0,134.22
2022-10-03,FII_PROXY,113.01,0.0,113.01
2022-10-04,FII_PROXY,145.15,0.0,145.15
2022-10-05,FII_PROXY,84.54,0.0,84.54
2022-10-06,FII_PROXY,83.22,0.0,83.22
2022-10-07,FII_PROXY,98.5,0.0,98.5
2022-10-10,FII_PROXY,84.02,0.0,84.02
2022-10-11,FII_PROXY,124.06,0.0,124.06
2022-10-12,FII_PROXY,113.01,0.0,113.01
2022-10-13,FII_PROXY,137.25,0.0,137.25
2022-10-14,FII_PROXY,87.75,0.0,87.75
2022-10-17,FII_PROXY,138.07,0.0,138.07
2022-10-18,FII_PROXY,91.61,0.0,91.61
2022-10-19,FII_PROXY,83.27,0.0,83.27
2022-10-20,FII_PROXY,118.09,0.0,118.09
2022-10-21,FII_PROXY,118.91,0.0,118.91
2022-10-24,FII_PROXY,143.51,0.0,143.51
2022-10-25,FII_PROXY,83.78,0.0,83.78
2022-10-26,FII_PROXY,101.45,0.0,101.45
2022-10-27,FII_PROXY,90.73,0.0,90.73
2022-10-28,FII_PROXY,121.98,0.0,121.98
2022-10-31,FII_PROXY,115.87,0.0,115.87
2022-11-01,FII_PROXY,136.27,0.0,136.27
2022-11-02,FII_PROXY,126.39,0.0,126.39
2022-11-03,FII_PROXY,102.26,0.0,102.26
2022-11-04,FII_PROXY,196.19,0.0,196.19
2022-11-07,FII_PROXY,106.88,0.0,106.88
2022-11-08,FII_PROXY,101.7,0.0,101.7
2022-11-09,FII_PROXY,94.07,0.0,94.07
2022-11-10,FII_PROXY,154.1,0.0,154.1
2022-11-11,FII_PROXY,153.26,0.0,153.26
2022-11-14,FII_PROXY,122.87,0.0,122.87
2022-11-15,FII_PROXY,229.76,0.0,229.76
2022-11-16,FII_PROXY,144.85,0.0,144.85
2022-11-17,FII_PROXY,165.98,0.0,165.98
2022-11-18,FII_PROXY,131.61,0.0,131.61
2022-11-21,FII_PROXY,84.39,0.0,84.39
2022-11-22,FII_PROXY,97.4,0.0,97.4
2022-11-23,FII_PROXY,126.82,0.0,126.82
2022-11-24,FII_PROXY,0.0,-0.0,0.0
2022-11-25,FII_PROXY,58.0,0.0,58.0
2022-11-28,FII_PROXY,130.05,0.0,130.05
2022-11-29,FII_PROXY,150.25,0.0,150.25
2022-11-30,FII_PROXY,313.99,0.0,313.99
2022-12-01,FII_PROXY,151.92,0.0,151.92
2022-12-02,FII_PROXY,144.6,0.0,144.6
2022-12-05,FII_PROXY,187.03,0.0,187.03
2022-12-06,FII_PROXY,94.66,0.0,94.66
2022-12-07,FII_PROXY,137.96,0.0,137.96
2022-12-08,FII_PROXY,124.16,0.0,124.16
2022-12-09,FII_PROXY,146.14,0.0,146.14
2022-12-12,FII_PROXY,124.11,0.0,124.11
2022-12-13,FII_PROXY,183.29,0.0,183.29
2022-12-14,FII_PROXY,187.64,0.0,187.64
2022-12-15,FII_PROXY,141.48,0.0,141.48
2022-12-16,FII_PROXY,141.84,0.0,141.84
2022-12-19,FII_PROXY,67.91,0.0,67.91
2022-12-20,FII_PROXY,75.85,0.0,75.85
2022-12-21,FII_PROXY,70.33,0.0,70.33
2022-12-22,FII_PROXY,79.75,0.0,79.75
2022-12-23,FII_PROXY,57.63,0.0,57.63
2022-12-26,FII_PROXY,0.0,-0.0,0.0
2022-12-27,FII_PROXY,126.69,0.0,126.69
2022-12-28,FII_PROXY,93.81,0.0,93.81
2022-12-29,FII_PROXY,81.21,0.0,81.21
2022-12-30,FII_PROXY,113.23,0.0,113.23
2023-01-02,FII_PROXY,0.0,-0.0,0.0
2023-01-03,FII_PROXY,106.01,0.0,106.01
2023-01-04,FII_PROXY,175.19,0.0,175.19
2023-01-05,FII_PROXY,77.08,0.0,77.08
2023-01-06,FII_PROXY,153.34,0.0,153.34
2023-01-09,FII_PROXY,188.85,0.0,188.85
2023-01-10,FII_PROXY,110.81,0.0,110.81
2023-01-11,FII_PROXY,133.31,0.0,133.31
2023-01-12,FII_PROXY,134.71,0.0,134.71
2023-01-13,FII_PROXY,105.8,0.0,105.8
2023-01-16,FII_PROXY,0.0,-0.0,0.0
2023-01-17,FII_PROXY,131.41,0.0,131.41
2023-01-18,FII_PROXY,174.56,0.0,174.56
2023-01-19,FII_PROXY,108.48,0.0,108.48
2023-01-20,FII_PROXY,139.5,0.0,139.5
2023-01-23,FII_PROXY,125.42,0.0,125.42
2023-01-24,FII_PROXY,113.89,0.0,113.89
2023-01-25,FII_PROXY,99.59,0.0,99.59
2023-01-26,FII_PROXY,95.22,0.0,95.22
2023-01-27,FII_PROXY,122.05,0.0,122.05
2023-01-30,FII_PROXY,124.8,0.0,124.8
2023-01-31,FII_PROXY,139.37,0.0,139.37
2023-02-01,FII_PROXY,169.22,0.0,169.22
2023-02-02,FII_PROXY,149.16,0.0,149.16
2023-02-03,FII_PROXY,135.02,0.0,135.02
2023-02-06,FII_PROXY,130.31,0.0,130.31
2023-02-07,FII_PROXY,100.76,0.0,100.76
2023-02-08,FII_PROXY,120.53,0.0,120.53
2023-02-09,FII_PROXY,85.74,0.0,85.74
2023-02-10,FII_PROXY,108.05,0.0,108.05
2023-02-13,FII_PROXY,66.08,0.0,66.08
2023-02-14,FII_PROXY,68.36,0.0,68.36
2023-02-15,FII_PROXY,97.35,0.0,97.35
2023-02-16,FII_PROXY,94.03,0.0,94.03
2023-02-17,FII_PROXY,108.74,0.0,108.74
2023-02-20,FII_PROXY,0.0,-0.0,0.0
2023-02-21,FII_PROXY,103.87,0.0,103.87
2023-02-22,FII_PROXY,112.64,0.0,112.64
2023-02-23,FII_PROXY,87.26,0.0,87.26
2023-02-24,FII_PROXY,145.19,0.0,145.19
2023-02-27,FII_PROXY,73.11,0.0,73.11
2023-02-28,FII_PROXY,118.31,0.0,118.31
2023-03-01,FII_PROXY,120.62,0.0,120.62
2023-03-02,FII_PROXY,88.51,0.0,88.51
2023-03-03,FII_PROXY,63.79,0.0,63.79
2023-03-06,FII_PROXY,79.95,0.0,79.95
2023-03-07,FII_PROXY,109.95,0.0,109.95
2023-03-08,FII_PROXY,57.04,0.0,57.04
2023-03-09,FII_PROXY,119.05,0.0,119.05
2023-03-10,FII_PROXY,145.61,0.0,145.61
2023-03-13,FII_PROXY,127.34,0.0,127.34
2023-03-14,FII_PROXY,107.48,0.0,107.48
2023-03-15,FII_PROXY,154.72,0.0,154.72
2023-03-16,FII_PROXY,117.72,0.0,117.72
2023-03-17,FII_PROXY,117.84,0.0,117.84
2023-03-20,FII_PROXY,83.37,0.0,83.37
2023-03-21,FII_PROXY,82.22,0.0,82.22
2023-03-22,FII_PROXY,120.44,0.0,120.44
2023-03-23,FII_PROXY,119.83,0.0,119.83
2023-03-24,FII_PROXY,84.6,0.0,84.6
2023-03-27,FII_PROXY,109.95,0.0,109.95
2023-03-28,FII_PROXY,133.01,0.0,133.01
2023-03-29,FII_PROXY,98.18,0.0,98.18
2023-03-30,FII_PROXY,101.65,0.0,101.65
2023-03-31,FII_PROXY,111.35,0.0,111.35
2023-04-03,FII_PROXY,60.57,0.0,60.57
2023-04-04,FII_PROXY,97.22,0.0,97.22
2023-04-05,FII_PROXY,109.51,0.0,109.51
2023-04-06,FII_PROXY,68.45,0.0,68.45
2023-04-10,FII_PROXY,62.35,0.0,62.35
2023-04-11,FII_PROXY,71.72,0.0,71.72
2023-04-12,FII_PROXY,93.23,0.0,93.23
2023-04-13,FII_PROXY,89.56,0.0,89.56
2023-04-14,FII_PROXY,82.65,0.0,82.65
2023-04-17,FII_PROXY,81.44,0.0,81.44
2023-04-18,FII_PROXY,74.56,0.0,74.56
2023-04-19,FII_PROXY,79.54,0.0,79.54
2023-04-20,FII_PROXY,91.43,0.0,91.43
2023-04-21,FII_PROXY,81.04,0.0,81.04
2023-04-24,FII_PROXY,60.61,0.0,60.61
2023-04-25,FII_PROXY,92.64,0.0,92.64
2023-04-26,FII_PROXY,136.39,0.0,136.39
2023-04-27,FII_PROXY,71.35,0.0,71.35
2023-04-28,FII_PROXY,68.62,0.0,68.62
2023-05-01,FII_PROXY,51.1,0.0,51.1
2023-05-02,FII_PROXY,72.43,0.0,72.43
2023-05-03,FII_PROXY,56.63,0.0,56.63
2023-05-04,FII_PROXY,89.2,0.0,89.2
2023-05-05,FII_PROXY,56.07,0.0,56.07
2023-05-08,FII_PROXY,60.63,0.0,60.63
2023-05-09,FII_PROXY,52.85,0.0,52.85
2023-05-10,FII_PROXY,68.44,0.0,68.44
2023-05-11,FII_PROXY,105.35,0.0,105.35
2023-05-12,FII_PROXY,98.6,0.0,98.6
2023-05-15,FII_PROXY,88.54,0.0,88.54
2023-05-16,FII_PROXY,75.68,0.0,75.68
2023-05-17,FII_PROXY,74.41,0.0,74.41
2023-05-18,FII_PROXY,92.3,0.0,92.3
2023-05-19,FII_PROXY,81.64,0.0,81.64
2023-05-22,FII_PROXY,92.75,0.0,92.75
2023-05-23,FII_PROXY,132.33,0.0,132.33
2023-05-24,FII_PROXY,94.54,0.0,94.54
2023-05-25,FII_PROXY,85.17,0.0,85.17
2023-05-26,FII_PROXY,75.88,0.0,75.88
2023-05-29,FII_PROXY,0.0,-0.0,0.0
2023-05-30,FII_PROXY,76.79,0.0,76.79
2023-05-31,FII_PROXY,107.0,0.0,107.0
2023-06-01,FII_PROXY,99.68,0.0,99.68
2023-06-02,FII_PROXY,165.69,0.0,165.69
2023-06-05,FII_PROXY,52.26,0.0,52.26
2023-06-06,FII_PROXY,110.28,0.0,110.28
2023-06-07,FII_PROXY,137.26,0.0,137.26
2023-06-08,FII_PROXY,83.88,0.0,83.88
2023-06-09,FII_PROXY,69.57,0.0,69.57
2023-06-12,FII_PROXY,79.34,0.0,79.34
2023-06-13,FII_PROXY,111.17,0.0,111.17
2023-06-14,FII_PROXY,121.09,0.0,121.09
2023-06-15,FII_PROXY,117.16,0.0,117.16
2023-06-16,FII_PROXY,128.56,0.0,128.56
2023-06-19,FII_PROXY,0.0,-0.0,0.0
2023-06-20,FII_PROXY,159.06,0.0,159.06
2023-06-21,FII_PROXY,65.14,0.0,65.14
2023-06-22,FII_PROXY,71.27,0.0,71.27
2023-06-23,FII_PROXY,81.06,0.0,81.06
2023-06-26,FII_PROXY,56.55,0.0,56.55
2023-06-27,FII_PROXY,68.04,0.0,68.04
2023-06-28,FII_PROXY,67.1,0.0,67.1
2023-06-29,FII_PROXY,71.83,0.0,71.83
2023-06-30,FII_PROXY,72.67,0.0,72.67
2023-07-03,FII_PROXY,48.48,0.0,48.48
2023-07-04,FII_PROXY,0.0,-0.0,0.0
2023-07-05,FII_PROXY,49.56,0.0,49.56
2023-07-06,FII_PROXY,111.32,0.0,111.32
2023-07-07,FII_PROXY,66.64,0.0,66.64
2023-07-10,FII_PROXY,69.03,0.0,69.03
2023-07-11,FII_PROXY,61.41,0.0,61.41
2023-07-12,FII_PROXY,195.29,0.0,195.29
2023-07-13,FII_PROXY,142.86,0.0,142.86
2023-07-14,FII_PROXY,86.16,0.0,86.16
2023-07-17,FII_PROXY,83.23,0.0,83.23
2023-07-18,FII_PROXY,94.14,0.0,94.14
2023-07-19,FII_PROXY,86.16,0.0,86.16
2023-07-20,FII_PROXY,99.13,0.0,99.13
2023-07-21,FII_PROXY,68.53,0.0,68.53
2023-07-24,FII_PROXY,151.41,0.0,151.41
2023-07-25,FII_PROXY,105.09,0.0,105.09
2023-07-26,FII_PROXY,113.94,0.0,113.94
2023-07-27,FII_PROXY,120.86,0.0,120.86
2023-07-28,FII_PROXY,113.82,0.0,113.82
2023-07-31,FII_PROXY,92.44,0.0,92.44
2023-08-01,FII_PROXY,112.79,0.0,112.79
2023-08-02,FII_PROXY,113.12,0.0,113.12
2023-08-03,FII_PROXY,66.67,0.0,66.67
2023-08-04,FII_PROXY,93.22,0.0,93.22
2023-08-07,FII_PROXY,61.8,0.0,61.8
2023-08-08,FII_PROXY,71.06,0.0,71.06
2023-08-09,FII_PROXY,88.05,0.0,88.05
2023-08-10,FII_PROXY,83.08,0.0,83.08
2023-08-11,FII_PROXY,100.47,0.0,100.47
2023-08-14,FII_PROXY,78.96,0.0,78.96
2023-08-15,FII_PROXY,97.42,0.0,97.42
2023-08-16,FII_PROXY,114.0,0.0,114.0
2023-08-17,FII_PROXY,108.03,0.0,108.03
2023-08-18,FII_PROXY,102.38,0.0,102.38
2023-08-21,FII_PROXY,73.63,0.0,73.63
2023-08-22,FII_PROXY,80.6,0.0,80.6
2023-08-23,FII_PROXY,84.8,0.0,84.8
2023-08-24,FII_PROXY,78.77,0.0,78.77
2023-08-25,FII_PROXY,61.65,0.0,61.65
2023-08-28,FII_PROXY,66.19,0.0,66.19
2023-08-29,FII_PROXY,94.61,0.0,94.61
2023-08-30,FII_PROXY,50.4,0.0,50.4
2023-08-31,FII_PROXY,109.09,0.0,109.09
2023-09-01,FII_PROXY,81.48,0.0,81.48
2023-09-04,FII_PROXY,0.0,-0.0,0.0
2023-09-05,FII_PROXY,72.85,0.0,72.85
2023-09-06,FII_PROXY,89.49,0.0,89.49
2023-09-07,FII_PROXY,72.61,0.0,72.61
2023-09-08,FII_PROXY,46.03,0.0,46.03
2023-09-11,FII_PROXY,63.93,0.0,63.93
2023-09-12,FII_PROXY,80.66,0.0,80.66
2023-09-13,FII_PROXY,63.53,0.0,63.53
2023-09-14,FII_PROXY,69.83,0.0,69.83
2023-09-15,FII_PROXY,101.46,0.0,101.46
2023-09-18,FII_PROXY,70.56,0.0,70.56
2023-09-19,FII_PROXY,53.13,0.0,53.13
2023-09-20,FII_PROXY,74.59,0.0,74.59
2023-09-21,FII_PROXY,101.38,0.0,101.38
2023-09-22,FII_PROXY,121.0,0.0,121.0
2023-09-25,FII_PROXY,87.47,0.0,87.47
2023-09-26,FII_PROXY,117.04,0.0,117.04
2023-09-27,FII_PROXY,82.43,0.0,82.43
2023-09-28,FII_PROXY,93.69,0.0,93.69
2023-09-29,FII_PROXY,124.66,0.0,124.66
2023-10-02,FII_PROXY,90.63,0.0,90.63
2023-10-03,FII_PROXY,155.12,0.0,155.12
2023-10-04,FII_PROXY,105.65,0.0,105.65
2023-10-05,FII_PROXY,81.28,0.0,81.28
2023-10-06,FII_PROXY,100.34,0.0,100.34
2023-10-09,FII_PROXY,64.53,0.0,64.53
2023-10-10,FII_PROXY,105.65,0.0,105.65
2023-10-11,FII_PROXY,74.26,0.0,74.26
2023-10-12,FII_PROXY,107.62,0.0,107.62
2023-10-13,FII_PROXY,77.95,0.0,77.95
2023-10-16,FII_PROXY,63.32,0.0,63.32
2023-10-17,FII_PROXY,72.53,0.0,72.53
2023-10-18,FII_PROXY,87.91,0.0,87.91
2023-10-19,FII_PROXY,83.15,0.0,83.15
2023-10-20,FII_PROXY,113.01,0.0,113.01
2023-10-23,FII_PROXY,99.9,0.0,99.9
2023-10-24,FII_PROXY,99.41,0.0,99.41
2023-10-25,FII_PROXY,72.98,0.0,72.98
2023-10-26,FII_PROXY,81.68,0.0,81.68
2023-10-27,FII_PROXY,98.27,0.0,98.27
2023-10-30,FII_PROXY,88.52,0.0,88.52
2023-10-31,FII_PROXY,108.87,0.0,108.87
2023-11-01,FII_PROXY,81.19,0.0,81.19
2023-11-02,FII_PROXY,99.74,0.0,99.74
2023-11-03,FII_PROXY,126.2,0.0,126.2
2023-11-06,FII_PROXY,98.6,0.0,98.6
2023-11-07,FII_PROXY,55.43,0.0,55.43
2023-11-08,FII_PROXY,57.31,0.0,57.31
2023-11-09,FII_PROXY,76.73,0.0,76.73
2023-11-10,FII_PROXY,55.9,0.0,55.9
2023-11-13,FII_PROXY,70.65,0.0,70.65
2023-11-14,FII_PROXY,204.36,0.0,204.36
2023-11-15,FII_PROXY,135.06,0.0,135.06
2023-11-16,FII_PROXY,70.67,0.0,70.67
2023-11-17,FII_PROXY,88.07,0.0,88.07
2023-11-20,FII_PROXY,112.16,0.0,112.16
2023-11-21,FII_PROXY,65.16,0.0,65.16
2023-11-22,FII_PROXY,62.16,0.0,62.16
2023-11-23,FII_PROXY,0.0,-0.0,0.0
2023-11-24,FII_PROXY,35.33,0.0,35.33
2023-11-27,FII_PROXY,70.98,0.0,70.98
2023-11-28,FII_PROXY,109.29,0.0,109.29
2023-11-29,FII_PROXY,80.85,0.0,80.85
2023-11-30,FII_PROXY,94.81,0.0,94.81
2023-12-01,FII_PROXY,84.77,0.0,84.77
2023-12-04,FII_PROXY,86.7,0.0,86.7
2023-12-05,FII_PROXY,78.15,0.0,78.15
2023-12-06,FII_PROXY,70.71,0.0,70.71
2023-12-07,FII_PROXY,60.79,0.0,60.79
2023-12-08,FII_PROXY,77.27,0.0,77.27
2023-12-11,FII_PROXY,63.02,0.0,63.02
2023-12-12,FII_PROXY,62.57,0.0,62.57
2023-12-13,FII_PROXY,132.78,0.0,132.78
2023-12-14,FII_PROXY,164.42,0.0,164.42
2023-12-15,FII_PROXY,116.64,0.0,116.64
2023-12-18,FII_PROXY,117.56,0.0,117.56
2023-12-19,FII_PROXY,106.74,0.0,106.74
2023-12-20,FII_PROXY,139.28,0.0,139.28
2023-12-21,FII_PROXY,105.88,0.0,105.88
2023-12-22,FII_PROXY,53.89,0.0,53.89
2023-12-26,FII_PROXY,51.42,0.0,51.42
2023-12-27,FII_PROXY,96.32,0.0,96.32
2023-12-28,FII_PROXY,118.14,0.0,118.14
2023-12-29,FII_PROXY,157.05,0.0,157.05
2024-01-01,FII_PROXY,0.0,-0.0,0.0
2024-01-02,FII_PROXY,66.34,0.0,66.34
2024-01-03,FII_PROXY,102.0,0.0,102.0
2024-01-04,FII_PROXY,66.02,0.0,66.02
2024-01-05,FII_PROXY,69.11,0.0,69.11
2024-01-08,FII_PROXY,51.35,0.0,51.35
2024-01-09,FII_PROXY,97.9,0.0,97.9
2024-01-10,FII_PROXY,62.79,0.0,62.79
2024-01-11,FII_PROXY,77.23,0.0,77.23
2024-01-12,FII_PROXY,67.85,0.0,67.85
2024-01-15,FII_PROXY,0.0,-0.0,0.0
2024-01-16,FII_PROXY,136.3,0.0,136.3
2024-01-17,FII_PROXY,152.7,0.0,152.7
2024-01-18,FII_PROXY,97.03,0.0,97.03
2024-01-19,FII_PROXY,96.48,0.0,96.48
2024-01-22,FII_PROXY,78.5,0.0,78.5
2024-01-23,FII_PROXY,106.72,0.0,106.72
2024-01-24,FII_PROXY,118.81,0.0,118.81
2024-01-25,FII_PROXY,72.09,0.0,72.09
2024-01-26,FII_PROXY,65.52,0.0,65.52
2024-01-29,FII_PROXY,75.22,0.0,75.22
2024-01-30,FII_PROXY,70.9,0.0,70.9
2024-01-31,FII_PROXY,115.91,0.0,115.91
2024-02-01,FII_PROXY,68.46,0.0,68.46
2024-02-02,FII_PROXY,92.27,0.0,92.27
2024-02-05,FII_PROXY,83.5,0.0,83.5
2024-02-06,FII_PROXY,130.91,0.0,130.91
2024-02-07,FII_PROXY,70.7,0.0,70.7
2024-02-08,FII_PROXY,74.14,0.0,74.14
2024-02-09,FII_PROXY,71.07,0.0,71.07
2024-02-12,FII_PROXY,105.53,0.0,105.53
2024-02-13,FII_PROXY,132.48,0.0,132.48
2024-02-14,FII_PROXY,91.98,0.0,91.98
2024-02-15,FII_PROXY,87.15,0.0,87.15
2024-02-16,FII_PROXY,117.92,0.0,117.92
2024-02-19,FII_PROXY,0.0,-0.0,0.0
2024-02-20,FII_PROXY,104.48,0.0,104.48
2024-02-21,FII_PROXY,93.63,0.0,93.63
2024-02-22,FII_PROXY,105.91,0.0,105.91
2024-02-23,FII_PROXY,123.5,0.0,123.5
2024-02-26,FII_PROXY,77.08,0.0,77.08
2024-02-27,FII_PROXY,68.8,0.0,68.8
2024-02-28,FII_PROXY,100.18,0.0,100.18
2024-02-29,FII_PROXY,140.87,0.0,140.87
2024-03-01,FII_PROXY,115.04,0.0,115.04
2024-03-04,FII_PROXY,123.42,0.0,123.42
2024-03-05,FII_PROXY,105.55,0.0,105.55
2024-03-06,FII_PROXY,149.24,0.0,149.24
2024-03-07,FII_PROXY,88.1,0.0,88.1
2024-03-08,FII_PROXY,99.21,0.0,99.21
2024-03-11,FII_PROXY,74.59,0.0,74.59
2024-03-12,FII_PROXY,123.89,0.0,123.89
2024-03-13,FII_PROXY,85.02,0.0,85.02
2024-03-14,FII_PROXY,103.72,0.0,103.72
2024-03-15,FII_PROXY,107.18,0.0,107.18
2024-03-18,FII_PROXY,75.6,0.0,75.6
2024-03-19,FII_PROXY,77.65,0.0,77.65
2024-03-20,FII_PROXY,106.37,0.0,106.37
2024-03-21,FII_PROXY,91.16,0.0,91.16
2024-03-22,FII_PROXY,99.36,0.0,99.36
2024-03-25,FII_PROXY,42.24,0.0,42.24
2024-03-26,FII_PROXY,50.29,0.0,50.29
2024-03-27,FII_PROXY,71.54,0.0,71.54
2024-03-28,FII_PROXY,93.12,0.0,93.12
2024-04-01,FII_PROXY,68.75,0.0,68.75
2024-04-02,FII_PROXY,73.89,0.0,73.89
2024-04-03,FII_PROXY,110.1,0.0,110.1
2024-04-04,FII_PROXY,109.85,0.0,109.85
2024-04-05,FII_PROXY,104.3,0.0,104.3
2024-04-08,FII_PROXY,61.37,0.0,61.37
2024-04-09,FII_PROXY,80.24,0.0,80.24
2024-04-10,FII_PROXY,123.13,0.0,123.13
2024-04-11,FII_PROXY,78.58,0.0,78.58
2024-04-12,FII_PROXY,163.1,0.0,163.1
2024-04-15,FII_PROXY,100.94,0.0,100.94
2024-04-16,FII_PROXY,139.14,0.0,139.14
2024-04-17,FII_PROXY,82.77,0.0,82.77
2024-04-18,FII_PROXY,65.73,0.0,65.73
2024-04-19,FII_PROXY,93.96,0.0,93.96
2024-04-22,FII_PROXY,82.76,0.0,82.76
2024-04-23,FII_PROXY,71.02,0.0,71.02
2024-04-24,FII_PROXY,58.94,0.0,58.94
2024-04-25,FII_PROXY,71.6,0.0,71.6
2024-04-26,FII_PROXY,80.5,0.0,80.5
2024-04-29,FII_PROXY,103.37,0.0,103.37
2024-04-30,FII_PROXY,107.53,0.0,107.53
2024-05-01,FII_PROXY,113.36,0.0,113.36
2024-05-02,FII_PROXY,164.72,0.0,164.72
2024-05-03,FII_PROXY,108.24,0.0,108.24
2024-05-06,FII_PROXY,67.11,0.0,67.11
2024-05-07,FII_PROXY,72.18,0.0,72.18
2024-05-08,FII_PROXY,64.13,0.0,64.13
2024-05-09,FII_PROXY,75.43,0.0,75.43
2024-05-10,FII_PROXY,95.52,0.0,95.52
2024-05-13,FII_PROXY,76.26,0.0,76.26
2024-05-14,FII_PROXY,83.79,0.0,83.79
2024-05-15,FII_PROXY,104.6,0.0,104.6
2024-05-16,FII_PROXY,95.68,0.0,95.68
2024-05-17,FII_PROXY,108.27,0.0,108.27
2024-05-20,FII_PROXY,84.7,0.0,84.7
2024-05-21,FII_PROXY,64.15,0.0,64.15
2024-05-22,FII_PROXY,79.74,0.0,79.74
2024-05-23,FII_PROXY,98.31,0.0,98.31
2024-05-24,FII_PROXY,72.32,0.0,72.32
2024-05-27,FII_PROXY,0.0,-0.0,0.0
2024-05-28,FII_PROXY,72.89,0.0,72.89
2024-05-29,FII_PROXY,104.43,0.0,104.43
2024-05-30,FII_PROXY,70.12,0.0,70.12
2024-05-31,FII_PROXY,166.07,0.0,166.07
2024-06-03,FII_PROXY,114.47,0.0,114.47
2024-06-04,FII_PROXY,128.09,0.0,128.09
2024-06-05,FII_PROXY,95.21,0.0,95.21
2024-06-06,FII_PROXY,90.09,0.0,90.09
2024-06-07,FII_PROXY,126.71,0.0,126.71
2024-06-10,FII_PROXY,104.5,0.0,104.5
2024-06-11,FII_PROXY,120.75,0.0,120.75
2024-06-12,FII_PROXY,118.27,0.0,118.27
2024-06-13,FII_PROXY,73.33,0.0,73.33
2024-06-14,FII_PROXY,64.08,0.0,64.08
2024-06-17,FII_PROXY,72.12,0.0,72.12
2024-06-18,FII_PROXY,123.42,0.0,123.42
2024-06-19,FII_PROXY,0.0,-0.0,0.0
2024-06-20,FII_PROXY,150.03,0.0,150.03
2024-06-21,FII_PROXY,69.64,0.0,69.64
2024-06-24,FII_PROXY,68.28,0.0,68.28
2024-06-25,FII_PROXY,87.0,0.0,87.0
2024-06-26,FII_PROXY,64.97,0.0,64.97
2024-06-27,FII_PROXY,82.43,0.0,82.43
2024-06-28,FII_PROXY,77.69,0.0,77.69
2024-07-01,FII_PROXY,64.75,0.0,64.75
2024-07-02,FII_PROXY,74.58,0.0,74.58
2024-07-03,FII_PROXY,95.44,0.0,95.44
2024-07-04,FII_PROXY,0.0,-0.0,0.0
2024-07-05,FII_PROXY,75.09,0.0,75.09
2024-07-08,FII_PROXY,65.77,0.0,65.77
2024-07-09,FII_PROXY,68.44,0.0,68.44
2024-07-10,FII_PROXY,54.5,0.0,54.5
2024-07-11,FII_PROXY,127.47,0.0,127.47
2024-07-12,FII_PROXY,89.03,0.0,89.03
2024-07-15,FII_PROXY,85.87,0.0,85.87
2024-07-16,FII_PROXY,68.71,0.0,68.71
2024-07-17,FII_PROXY,149.82,0.0,149.82
2024-07-18,FII_PROXY,147.6,0.0,147.6
2024-07-19,FII_PROXY,119.25,0.0,119.25
2024-07-22,FII_PROXY,59.3,0.0,59.3
2024-07-23,FII_PROXY,78.88,0.0,78.88
2024-07-24,FII_PROXY,95.47,0.0,95.47
2024-07-25,FII_PROXY,94.5,0.0,94.5
2024-07-26,FII_PROXY,73.1,0.0,73.1
2024-07-29,FII_PROXY,48.69,0.0,48.69
2024-07-30,FII_PROXY,65.07,0.0,65.07
2024-07-31,FII_PROXY,133.72,0.0,133.72
2024-08-01,FII_PROXY,120.82,0.0,120.82
2024-08-02,FII_PROXY,123.67,0.0,123.67
2024-08-05,FII_PROXY,197.05,0.0,197.05
2024-08-06,FII_PROXY,106.69,0.0,106.69
2024-08-07,FII_PROXY,120.92,0.0,120.92
2024-08-08,FII_PROXY,101.29,0.0,101.29
2024-08-09,FII_PROXY,71.73,0.0,71.73
2024-08-12,FII_PROXY,51.2,0.0,51.2
2024-08-13,FII_PROXY,72.53,0.0,72.53
2024-08-14,FII_PROXY,60.03,0.0,60.03
2024-08-15,FII_PROXY,93.15,0.0,93.15
2024-08-16,FII_PROXY,110.15,0.0,110.15
2024-08-19,FII_PROXY,94.45,0.0,94.45
2024-08-20,FII_PROXY,67.46,0.0,67.46
2024-08-21,FII_PROXY,51.57,0.0,51.57
2024-08-22,FII_PROXY,78.31,0.0,78.31
2024-08-23,FII_PROXY,98.48,0.0,98.48
2024-08-26,FII_PROXY,64.62,0.0,64.62
2024-08-27,FII_PROXY,50.65,0.0,50.65
2024-08-28,FII_PROXY,53.89,0.0,53.89
2024-08-29,FII_PROXY,54.1,0.0,54.1
2024-08-30,FII_PROXY,103.02,0.0,103.02
2024-09-02,FII_PROXY,0.0,-0.0,0.0
2024-09-03,FII_PROXY,121.01,0.0,121.01
2024-09-04,FII_PROXY,85.34,0.0,85.34
2024-09-05,FII_PROXY,77.29,0.0,77.29
2024-09-06,FII_PROXY,109.31,0.0,109.31
2024-09-09,FII_PROXY,67.68,0.0,67.68
2024-09-10,FII_PROXY,66.69,0.0,66.69
2024-09-11,FII_PROXY,89.53,0.0,89.53
2024-09-12,FII_PROXY,68.75,0.0,68.75
2024-09-13,FII_PROXY,58.32,0.0,58.32
2024-09-16,FII_PROXY,51.06,0.0,51.06
2024-09-17,FII_PROXY,71.56,0.0,71.56
2024-09-18,FII_PROXY,89.94,0.0,89.94
2024-09-19,FII_PROXY,144.87,0.0,144.87
2024-09-20,FII_PROXY,116.43,0.0,116.43
2024-09-23,FII_PROXY,88.4,0.0,88.4
2024-09-24,FII_PROXY,236.77,0.0,236.77
2024-09-25,FII_PROXY,152.5,0.0,152.5
2024-09-26,FII_PROXY,304.64,0.0,304.64
2024-09-27,FII_PROXY,193.76,0.0,193.76
2024-09-30,FII_PROXY,227.12,0.0,227.12
2024-10-01,FII_PROXY,143.99,0.0,143.99
2024-10-02,FII_PROXY,211.95,0.0,211.95
2024-10-03,FII_PROXY,117.11,0.0,117.11
2024-10-04,FII_PROXY,111.67,0.0,111.67
2024-10-07,FII_PROXY,161.2,0.0,161.2
2024-10-08,FII_PROXY,178.15,0.0,178.15
2024-10-09,FII_PROXY,131.16,0.0,131.16
2024-10-10,FII_PROXY,67.02,0.0,67.02
2024-10-11,FII_PROXY,106.16,0.0,106.16
2024-10-14,FII_PROXY,76.03,0.0,76.03
2024-10-15,FII_PROXY,113.98,0.0,113.98
2024-10-16,FII_PROXY,92.24,0.0,92.24
2024-10-17,FII_PROXY,135.28,0.0,135.28
2024-10-18,FII_PROXY,112.57,0.0,112.57
2024-10-21,FII_PROXY,72.14,0.0,72.14
2024-10-22,FII_PROXY,70.62,0.0,70.62
2024-10-23,FII_PROXY,72.31,0.0,72.31
2024-10-24,FII_PROXY,59.22,0.0,59.22
2024-10-25,FII_PROXY,77.99,0.0,77.99
2024-10-28,FII_PROXY,55.45,0.0,55.45
2024-10-29,FII_PROXY,56.26,0.0,56.26
2024-10-30,FII_PROXY,87.15,0.0,87.15
2024-10-31,FII_PROXY,157.71,0.0,157.71
2024-11-01,FII_PROXY,62.89,0.0,62.89
2024-11-04,FII_PROXY,89.04,0.0,89.04
2024-11-05,FII_PROXY,78.27,0.0,78.27
2024-11-06,FII_PROXY,134.19,0.0,134.19
2024-11-07,FII_PROXY,144.92,0.0,144.92
2024-11-08,FII_PROXY,161.46,0.0,161.46
2024-11-11,FII_PROXY,76.28,0.0,76.28
2024-11-12,FII_PROXY,119.02,0.0,119.02
2024-11-13,FII_PROXY,92.62,0.0,92.62
2024-11-14,FII_PROXY,119.32,0.0,119.32
2024-11-15,FII_PROXY,100.91,0.0,100.91
2024-11-18,FII_PROXY,97.28,0.0,97.28
2024-11-19,FII_PROXY,58.21,0.0,58.21
2024-11-20,FII_PROXY,64.2,0.0,64.2
2024-11-21,FII_PROXY,56.14,0.0,56.14
2024-11-22,FII_PROXY,49.24,0.0,49.24
2024-11-25,FII_PROXY,65.87,0.0,65.87
2024-11-26,FII_PROXY,66.51,0.0,66.51
2024-11-27,FII_PROXY,62.43,0.0,62.43
2024-11-28,FII_PROXY,0.0,-0.0,0.0
2024-11-29,FII_PROXY,60.62,0.0,60.62
2024-12-02,FII_PROXY,57.83,0.0,57.83
2024-12-03,FII_PROXY,173.63,0.0,173.63
2024-12-04,FII_PROXY,75.1,0.0,75.1
2024-12-05,FII_PROXY,84.09,0.0,84.09
2024-12-06,FII_PROXY,46.48,0.0,46.48
2024-12-09,FII_PROXY,125.76,0.0,125.76
2024-12-10,FII_PROXY,95.82,0.0,95.82
2024-12-11,FII_PROXY,72.76,0.0,72.76
2024-12-12,FII_PROXY,62.67,0.0,62.67
2024-12-13,FII_PROXY,68.83,0.0,68.83
2024-12-16,FII_PROXY,113.94,0.0,113.94
2024-12-17,FII_PROXY,106.5,0.0,106.5
2024-12-18,FII_PROXY,114.43,0.0,114.43
2024-12-19,FII_PROXY,107.55,0.0,107.55
2024-12-20,FII_PROXY,88.45,0.0,88.45
2024-12-23,FII_PROXY,62.6,0.0,62.6
2024-12-24,FII_PROXY,24.72,0.0,24.72
2024-12-26,FII_PROXY,56.29,0.0,56.29
2024-12-27,FII_PROXY,78.66,0.0,78.66
2024-12-30,FII_PROXY,86.23,0.0,86.23
2024-12-31,FII_PROXY,139.0,0.0,139.0
2025-01-01,FII_PROXY,0.0,-0.0,0.0
2025-01-02,FII_PROXY,86.61,0.0,86.61
2025-01-03,FII_PROXY,61.21,0.0,61.21
2025-01-06,FII_PROXY,90.9,0.0,90.9
2025-01-07,FII_PROXY,106.49,0.0,106.49
2025-01-08,FII_PROXY,69.45,0.0,69.45
2025-01-09,FII_PROXY,0.0,-0.0,0.0
2025-01-10,FII_PROXY,142.24,0.0,142.24
2025-01-13,FII_PROXY,94.24,0.0,94.24
2025-01-14,FII_PROXY,79.34,0.0,79.34
2025-01-15,FII_PROXY,77.35,0.0,77.35
2025-01-16,FII_PROXY,60.66,0.0,60.66
2025-01-17,FII_PROXY,105.96,0.0,105.96
2025-01-20,FII_PROXY,0.0,-0.0,0.0
2025-01-21,FII_PROXY,58.37,0.0,58.37
2025-01-22,FII_PROXY,58.99,0.0,58.99
2025-01-23,FII_PROXY,53.24,0.0,53.24
2025-01-24,FII_PROXY,73.85,0.0,73.85
2025-01-27,FII_PROXY,89.8,0.0,89.8
2025-01-28,FII_PROXY,78.18,0.0,78.18
2025-01-29,FII_PROXY,86.86,0.0,86.86
2025-01-30,FII_PROXY,107.92,0.0,107.92
2025-01-31,FII_PROXY,105.03,0.0,105.03
2025-02-01,FII_PROXY,0.0,-0.0,0.0
2025-02-03,FII_PROXY,130.46,0.0,130.46
2025-02-04,FII_PROXY,95.58,0.0,95.58
2025-02-05,FII_PROXY,77.1,0.0,77.1
2025-02-06,FII_PROXY,68.68,0.0,68.68
2025-02-07,FII_PROXY,116.23,0.0,116.23
2025-02-10,FII_PROXY,70.27,0.0,70.27
2025-02-11,FII_PROXY,70.0,0.0,70.0
2025-02-12,FII_PROXY,71.78,0.0,71.78
2025-02-13,FII_PROXY,82.56,0.0,82.56
2025-02-14,FII_PROXY,88.62,0.0,88.62
2025-02-17,FII_PROXY,0.0,-0.0,0.0
2025-02-18,FII_PROXY,84.44,0.0,84.44
2025-02-19,FII_PROXY,74.2,0.0,74.2
2025-02-20,FII_PROXY,107.89,0.0,107.89
2025-02-21,FII_PROXY,125.12,0.0,125.12
2025-02-24,FII_PROXY,138.91,0.0,138.91
2025-02-25,FII_PROXY,72.41,0.0,72.41
2025-02-26,FII_PROXY,92.24,0.0,92.24
2025-02-27,FII_PROXY,109.66,0.0,109.66
2025-02-28,FII_PROXY,185.72,0.0,185.72
2025-03-03,FII_PROXY,160.15,0.0,160.15
2025-03-04,FII_PROXY,106.57,0.0,106.57
2025-03-05,FII_PROXY,174.25,0.0,174.25
2025-03-06,FII_PROXY,121.61,0.0,121.61
2025-03-07,FII_PROXY,85.53,0.0,85.53
2025-03-10,FII_PROXY,104.92,0.0,104.92
2025-03-11,FII_PROXY,75.96,0.0,75.96
2025-03-12,FII_PROXY,63.93,0.0,63.93
2025-03-13,FII_PROXY,64.17,0.0,64.17
2025-03-14,FII_PROXY,79.92,0.0,79.92
2025-03-17,FII_PROXY,140.24,0.0,140.24
2025-03-18,FII_PROXY,73.9,0.0,73.9
2025-03-19,FII_PROXY,117.42,0.0,117.42
2025-03-20,FII_PROXY,92.53,0.0,92.53
2025-03-21,FII_PROXY,70.95,0.0,70.95
2025-03-24,FII_PROXY,75.22,0.0,75.22
2025-03-25,FII_PROXY,108.17,0.0,108.17
2025-03-26,FII_PROXY,80.09,0.0,80.09
2025-03-27,FII_PROXY,57.61,0.0,57.61
2025-03-28,FII_PROXY,100.04,0.0,100.04
2025-03-31,FII_PROXY,91.9,0.0,91.9
2025-04-01,FII_PROXY,77.42,0.0,77.42
2025-04-02,FII_PROXY,65.06,0.0,65.06
2025-04-03,FII_PROXY,95.15,0.0,95.15
2025-04-04,FII_PROXY,252.47,0.0,252.47
2025-04-07,FII_PROXY,281.12,0.0,281.12
2025-04-08,FII_PROXY,182.86,0.0,182.86
2025-04-09,FII_PROXY,240.21,0.0,240.21
2025-04-10,FII_PROXY,147.67,0.0,147.67
2025-04-11,FII_PROXY,150.52,0.0,150.52
2025-04-14,FII_PROXY,77.92,0.0,77.92
2025-04-15,FII_PROXY,62.41,0.0,62.41
2025-04-16,FII_PROXY,68.19,0.0,68.19
2025-04-17,FII_PROXY,79.99,0.0,79.99
2025-04-21,FII_PROXY,56.51,0.0,56.51
2025-04-22,FII_PROXY,89.73,0.0,89.73
2025-04-23,FII_PROXY,87.48,0.0,87.48
2025-04-24,FII_PROXY,102.98,0.0,102.98
2025-04-25,FII_PROXY,65.44,0.0,65.44
2025-04-28,FII_PROXY,39.28,0.0,39.28
2025-04-29,FII_PROXY,45.86,0.0,45.86
2025-04-30,FII_PROXY,75.12,0.0,75.12
2025-05-01,FII_PROXY,52.89,0.0,52.89
2025-05-02,FII_PROXY,125.29,0.0,125.29
2025-05-05,FII_PROXY,84.27,0.0,84.27
2025-05-06,FII_PROXY,64.52,0.0,64.52
2025-05-07,FII_PROXY,85.64,0.0,85.64
2025-05-08,FII_PROXY,64.3,0.0,64.3
2025-05-09,FII_PROXY,59.27,0.0,59.27
2025-05-12,FII_PROXY,101.01,0.0,101.01
2025-05-13,FII_PROXY,90.36,0.0,90.36
2025-05-14,FII_PROXY,85.7,0.0,85.7
2025-05-15,FII_PROXY,82.32,0.0,82.32
2025-05-16,FII_PROXY,88.39,0.0,88.39
2025-05-19,FII_PROXY,63.97,0.0,63.97
2025-05-20,FII_PROXY,76.85,0.0,76.85
2025-05-21,FII_PROXY,96.87,0.0,96.87
2025-05-22,FII_PROXY,63.34,0.0,63.34
2025-05-23,FII_PROXY,83.49,0.0,83.49
2025-05-26,FII_PROXY,0.0,-0.0,0.0
2025-05-27,FII_PROXY,99.41,0.0,99.41
2025-05-28,FII_PROXY,101.56,0.0,101.56
2025-05-29,FII_PROXY,91.81,0.0,91.81
2025-05-30,FII_PROXY,157.9,0.0,157.9
2025-06-02,FII_PROXY,77.38,0.0,77.38
2025-06-03,FII_PROXY,78.95,0.0,78.95
2025-06-04,FII_PROXY,101.13,0.0,101.13
2025-06-05,FII_PROXY,100.86,0.0,100.86
2025-06-06,FII_PROXY,64.0,0.0,64.0
2025-06-09,FII_PROXY,88.16,0.0,88.16
2025-06-10,FII_PROXY,103.76,0.0,103.76
2025-06-11,FII_PROXY,110.66,0.0,110.66
2025-06-12,FII_PROXY,77.48,0.0,77.48
2025-06-13,FII_PROXY,136.0,0.0,136.0
2025-06-16,FII_PROXY,105.59,0.0,105.59
2025-06-17,FII_PROXY,135.78,0.0,135.78
2025-06-18,FII_PROXY,101.45,0.0,101.45
2025-06-19,FII_PROXY,0.0,-0.0,0.0
2025-06-20,FII_PROXY,125.78,0.0,125.78
2025-06-23,FII_PROXY,86.0,0.0,86.0
2025-06-24,FII_PROXY,143.32,0.0,143.32
2025-06-25,FII_PROXY,94.29,0.0,94.29
2025-06-26,FII_PROXY,87.81,0.0,87.81
2025-06-27,FII_PROXY,149.72,0.0,149.72
2025-06-30,FII_PROXY,131.7,0.0,131.7
2025-07-01,FII_PROXY,101.63,0.0,101.63
2025-07-02,FII_PROXY,96.28,0.0,96.28
2025-07-03,FII_PROXY,81.08,0.0,81.08
2025-07-04,FII_PROXY,0.0,-0.0,0.0
2025-07-07,FII_PROXY,97.38,0.0,97.38
2025-07-08,FII_PROXY,65.36,0.0,65.36
2025-07-09,FII_PROXY,59.37,0.0,59.37
2025-07-10,FII_PROXY,87.79,0.0,87.79
2025-07-11,FII_PROXY,109.26,0.0,109.26
2025-07-14,FII_PROXY,67.57,0.0,67.57
2025-07-15,FII_PROXY,100.34,0.0,100.34
2025-07-16,FII_PROXY,132.13,0.0,132.13
2025-07-17,FII_PROXY,90.94,0.0,90.94
2025-07-18,FII_PROXY,95.14,0.0,95.14
2025-07-21,FII_PROXY,68.98,0.0,68.98
2025-07-22,FII_PROXY,91.35,0.0,91.35
2025-07-23,FII_PROXY,98.18,0.0,98.18
2025-07-24,FII_PROXY,77.93,0.0,77.93
2025-07-25,FII_PROXY,63.98,0.0,63.98
2025-07-28,FII_PROXY,112.83,0.0,112.83
2025-07-29,FII_PROXY,100.81,0.0,100.81
2025-07-30,FII_PROXY,153.11,0.0,153.11
2025-07-31,FII_PROXY,123.01,0.0,123.01
2025-08-01,FII_PROXY,108.71,0.0,108.71
2025-08-04,FII_PROXY,132.77,0.0,132.77
2025-08-05,FII_PROXY,75.67,0.0,75.67
2025-08-06,FII_PROXY,69.47,0.0,69.47
2025-08-07,FII_PROXY,95.8,0.0,95.8
2025-08-08,FII_PROXY,69.3,0.0,69.3
2025-08-11,FII_PROXY,61.96,0.0,61.96
2025-08-12,FII_PROXY,94.67,0.0,94.67
2025-08-13,FII_PROXY,119.55,0.0,119.55
2025-08-14,FII_PROXY,115.73,0.0,115.73
2025-08-15,FII_PROXY,99.43,0.0,99.43
2025-08-18,FII_PROXY,79.92,0.0,79.92
2025-08-19,FII_PROXY,71.07,0.0,71.07
2025-08-20,FII_PROXY,83.63,0.0,83.63
2025-08-21,FII_PROXY,59.31,0.0,59.31
2025-08-22,FII_PROXY,131.09,0.0,131.09
2025-08-25,FII_PROXY,98.81,0.0,98.81
2025-08-26,FII_PROXY,106.8,0.0,106.8
2025-08-27,FII_PROXY,130.0,0.0,130.0
2025-08-28,FII_PROXY,88.6,0.0,88.6
2025-08-29,FII_PROXY,102.68,0.0,102.68
2025-09-01,FII_PROXY,0.0,-0.0,0.0
2025-09-02,FII_PROXY,100.44,0.0,100.44
2025-09-03,FII_PROXY,120.25,0.0,120.25
2025-09-04,FII_PROXY,61.07,0.0,61.07
2025-09-05,FII_PROXY,103.64,0.0,103.64
2025-09-08,FII_PROXY,98.43,0.0,98.43
2025-09-09,FII_PROXY,100.97,0.0,100.97
2025-09-10,FII_PROXY,115.89,0.0,115.89
2025-09-11,FII_PROXY,168.66,0.0,168.66
2025-09-12,FII_PROXY,76.92,0.0,76.92
2025-09-15,FII_PROXY,96.24,0.0,96.24
2025-09-16,FII_PROXY,125.67,0.0,125.67
2025-09-17,FII_PROXY,235.33,0.0,235.33
2025-09-18,FII_PROXY,134.39,0.0,134.39
2025-09-19,FII_PROXY,164.12,0.0,164.12
2025-09-22,FII_PROXY,80.99,0.0,80.99
2025-09-23,FII_PROXY,94.01,0.0,94.01
2025-09-24,FII_PROXY,109.75,0.0,109.75
2025-09-25,FII_PROXY,120.76,0.0,120.76
2025-09-26,FII_PROXY,98.69,0.0,98.69
2025-09-29,FII_PROXY,117.85,0.0,117.85
2025-09-30,FII_PROXY,111.29,0.0,111.29
2025-10-01,FII_PROXY,133.58,0.0,133.58
2025-10-02,FII_PROXY,124.81,0.0,124.81
2025-10-03,FII_PROXY,98.07,0.0,98.07
2025-10-06,FII_PROXY,80.72,0.0,80.72
2025-10-07,FII_PROXY,83.3,0.0,83.3
2025-10-08,FII_PROXY,69.45,0.0,69.45
2025-10-09,FII_PROXY,110.25,0.0,110.25
2025-10-10,FII_PROXY,292.1,0.0,292.1
2025-10-13,FII_PROXY,153.67,0.0,153.67
2025-10-14,FII_PROXY,158.2,0.0,158.2
2025-10-15,FII_PROXY,138.87,0.0,138.87
2025-10-16,FII_PROXY,133.65,0.0,133.65
2025-10-17,FII_PROXY,109.36,0.0,109.36
2025-10-20,FII_PROXY,133.95,0.0,133.95
2025-10-21,FII_PROXY,121.85,0.0,121.85
2025-10-22,FII_PROXY,106.03,0.0,106.03
2025-10-23,FII_PROXY,89.11,0.0,89.11
2025-10-24,FII_PROXY,89.01,0.0,89.01
2025-10-27,FII_PROXY,110.8,0.0,110.8
2025-10-28,FII_PROXY,119.5,0.0,119.5
2025-10-29,FII_PROXY,152.72,0.0,152.72
2025-10-30,FII_PROXY,103.44,0.0,103.44
2025-10-31,FII_PROXY,134.26,0.0,134.26
2025-11-03,FII_PROXY,86.35,0.0,86.35
2025-11-04,FII_PROXY,116.07,0.0,116.07
2025-11-05,FII_PROXY,102.08,0.0,102.08
2025-11-06,FII_PROXY,112.73,0.0,112.73
2025-11-07,FII_PROXY,146.51,0.0,146.51
2025-11-10,FII_PROXY,127.39,0.0,127.39
2025-11-11,FII_PROXY,104.89,0.0,104.89
2025-11-12,FII_PROXY,111.1,0.0,111.1
2025-11-13,FII_PROXY,135.91,0.0,135.91
2025-11-14,FII_PROXY,125.89,0.0,125.89
2025-11-17,FII_PROXY,111.39,0.0,111.39
2025-11-18,FII_PROXY,131.4,0.0,131.4
2025-11-19,FII_PROXY,93.19,0.0,93.19
2025-11-20,FII_PROXY,140.86,0.0,140.86
2025-11-21,FII_PROXY,177.34,0.0,177.34
2025-11-24,FII_PROXY,149.54,0.0,149.54
2025-11-25,FII_PROXY,112.6,0.0,112.6
2025-11-26,FII_PROXY,99.55,0.0,99.55
2025-11-27,FII_PROXY,0.0,-0.0,0.0
2025-11-28,FII_PROXY,67.74,0.0,67.74
2025-12-01,FII_PROXY,80.26,0.0,80.26
2025-12-02,FII_PROXY,101.28,0.0,101.28
2025-12-03,FII_PROXY,75.38,0.0,75.38
2025-12-04,FII_PROXY,64.99,0.0,64.99
2025-12-05,FII_PROXY,91.18,0.0,91.18
2025-12-08,FII_PROXY,131.43,0.0,131.43
2025-12-09,FII_PROXY,80.33,0.0,80.33
2025-12-10,FII_PROXY,159.93,0.0,159.93
2025-12-11,FII_PROXY,100.05,0.0,100.05
2025-12-12,FII_PROXY,137.41,0.0,137.41
2025-12-15,FII_PROXY,130.49,0.0,130.49
2025-12-16,FII_PROXY,169.92,0.0,169.92
2025-12-17,FII_PROXY,157.92,0.0,157.92
2025-12-18,FII_PROXY,134.0,0.0,134.0
2025-12-19,FII_PROXY,130.1,0.0,130.1
2025-12-22,FII_PROXY,98.2,0.0,98.2
2025-12-23,FII_PROXY,115.51,0.0,115.51
2025-12-24,FII_PROXY,43.73,0.0,43.73
2025-12-26,FII_PROXY,52.26,0.0,52.26
2025-12-29,FII_PROXY,86.4,0.0,86.4
2025-12-30,FII_PROXY,113.6,0.0,113.6
2025-12-31,FII_PROXY,91.92,0.0,91.92
2026-01-01,FII_PROXY,0.0,-0.0,0.0
2026-01-02,FII_PROXY,180.73,0.0,180.73
2026-01-05,FII_PROXY,177.11,0.0,177.11
2026-01-06,FII_PROXY,143.39,0.0,143.39
2026-01-07,FII_PROXY,128.61,0.0,128.61
2026-01-08,FII_PROXY,132.42,0.0,132.42
2026-01-09,FII_PROXY,151.39,0.0,151.39
2026-01-12,FII_PROXY,230.23,0.0,230.23
2026-01-13,FII_PROXY,166.25,0.0,166.25
2026-01-14,FII_PROXY,219.05,0.0,219.05
2026-01-15,FII_PROXY,294.91,0.0,294.91
2026-01-16,FII_PROXY,148.87,0.0,148.87
2026-01-19,FII_PROXY,0.0,-0.0,0.0
2026-01-20,FII_PROXY,178.25,0.0,178.25
2026-01-21,FII_PROXY,216.28,0.0,216.28
2026-01-22,FII_PROXY,166.32,0.0,166.32
2026-01-23,FII_PROXY,156.72,0.0,156.72
2026-01-26,FII_PROXY,188.6,0.0,188.6
2026-01-27,FII_PROXY,315.38,0.0,315.38
2026-01-28,FII_PROXY,265.7,0.0,265.7
2026-01-29,FII_PROXY,359.71,0.0,359.71
2026-01-30,FII_PROXY,366.68,0.0,366.68
2026-02-02,FII_PROXY,221.65,0.0,221.65
2026-02-03,FII_PROXY,205.92,0.0,205.92
2026-02-04,FII_PROXY,251.17,0.0,251.17
2026-02-05,FII_PROXY,250.16,0.0,250.16
2026-02-06,FII_PROXY,189.4,0.0,189.4
2026-02-09,FII_PROXY,179.55,0.0,179.55
2026-02-10,FII_PROXY,164.15,0.0,164.15
2026-02-11,FII_PROXY,197.32,0.0,197.32
2026-02-12,FII_PROXY,245.75,0.0,245.75
2026-02-13,FII_PROXY,205.83,0.0,205.83
2026-02-16,FII_PROXY,0.0,-0.0,0.0
2026-02-17,FII_PROXY,194.95,0.0,194.95
2026-02-18,FII_PROXY,154.03,0.0,154.03
2026-02-19,FII_PROXY,195.06,0.0,195.06
2026-02-20,FII_PROXY,295.46,0.0,295.46
2026-02-23,FII_PROXY,189.4,0.0,189.4
2026-02-24,FII_PROXY,233.59,0.0,233.59
2026-02-25,FII_PROXY,224.43,0.0,224.43
2026-02-26,FII_PROXY,274.36,0.0,274.36
2026-02-27,FII_PROXY,183.09,0.0,183.09
2026-03-02,FII_PROXY,242.18,0.0,242.18
2026-03-03,FII_PROXY,490.45,0.0,490.45
2026-03-04,FII_PROXY,367.42,0.0,367.42
2026-03-05,FII_PROXY,394.04,0.0,394.04
2026-03-06,FII_PROXY,268.34,0.0,268.34
2026-03-09,FII_PROXY,319.49,0.0,319.49
2026-03-10,FII_PROXY,278.08,0.0,278.08
2026-03-11,FII_PROXY,176.21,0.0,176.21
2026-03-12,FII_PROXY,253.71,0.0,253.71
2026-03-13,FII_PROXY,228.53,0.0,228.53
2026-03-16,FII_PROXY,177.55,0.0,177.55
2026-03-17,FII_PROXY,123.03,0.0,123.03
2026-03-18,FII_PROXY,179.9,0.0,179.9
2026-03-19,FII_PROXY,246.61,0.0,246.61
2026-03-20,FII,28496.17,34014.56,-5518.39
2026-03-20,DII,22938.31,17232.08,5706.23
